:020000040800F2
:10000000407B01209D030008474F00081F4800085F
:10001000454F000821330008555900080000000032
:10002000000000000000000000000000DD020008E9
:100030002333000800000000390300086153000862
:10004000B7030008B7030008B7030008B7030008A8
:10005000B7030008B7030008B7030008B703000898
:10006000B7030008B7030008B7030008B703000888
:10007000B7030008B7030008B7030008B703000878
:10008000B7030008B7030008B7030008B703000868
:10009000B7030008B7030008B7030008B703000858
:1000A000B7030008B7030008B7030008B703000848
:1000B000B7030008B7030008B7030008B703000838
:1000C000B7030008B7030008B7030008B703000828
:1000D000B7030008B5570008C157000805580008C5
:1000E000B7030008B7030008B7030008B703000808
:1000F000B7030008B7030008B7030008B7030008F8
:10010000B7030008B7030008B7030008B7030008E7
:10011000B7030008B703000835540008B703000808
:10012000B7030008B7030008B7030008B7030008C7
:10013000B7030008B7030008B7030008B7030008B7
:10014000B7030008B7030008B7030008B7030008A7
:10015000B7030008B7030008B7030008B703000897
:10016000B7030008B7030008B7030008B703000887
:10017000B7030008B7030008B70300080000000039
:10018000B7030008B703000800F002F800F096F883
:100190000AA090E8000C82448344AAF10107DA45E2
:1001A00001D100F08BF8AFF2090EBAE80F0013F09E
:1001B000010F18BFFB1A43F001031847C4E6000003
:1001C000E4E60000103A24BF78C878C1FAD8520794
:1001D00024BF30C830C144BF04680C6070470000C1
:1001E0000023002400250026103A28BF78C1FBD840
:1001F000520728BF30C148BF0B6070476E2900F01E
:100200003E87702900F05D8366290DF043806529E3
:100210000DF0408067290DF03D8061290DF03C8094
:1002200003681B0A28BF41F08001692900F0908211
:10023000642900F08D82752900F08A826F2901F00F
:100240000682782900F02983E92900F0BD82E4299B
:1002500000F0BA82F52900F0B782EF2901F003829D
:10026000F82900F028830368DB0928BF41F08001EA
:10027000632901F04E81732901F05381E32901F0D4
:10028000F986F32901F0FE86002070471FB50CF0B7
:10029000B8FF9DE8030000F001FE01F0F7FC040048
:1002A000002000210CF056F8401C60600020002166
:1002B0000CF066F8E0601FBD10B510BD02F03DF90E
:1002C0001146FFF7E3FF08F053F902F085FB03B492
:1002D000FFF7F2FF03BC07F0E1FA00002C4B1968AE
:1002E0000868B0E8F04F80F30988BFF36F8F4FF0D4
:1002F000000080F311887047000000000848006883
:10030000006880F308884FF0000080F3148862B61C
:1003100061B6BFF34F8FBFF36F8F00DF00BF00BF29
:1003200008ED00E0DFF80C00016841F470010160A5
:10033000704700BF88ED00E0EFF30980BFF36F8FD7
:10034000134B1A681EF0100F08BF20ED108A20E929
:10035000F04F106009B44FF0500080F31188BFF3E4
:100360004F8FBFF36F8F0BF017FE4FF0000080F33D
:10037000118809BC19680868B0E8F04F1EF0100F2A
:1003800008BFB0EC108A80F30988BFF36F8F704705
:10039000C0000020EFF30580704700000948804747
:1003A00009480047FEE7FEE7FEE7FEE7FEE7FEE757
:1003B000FEE7FEE7FEE7FEE704480549054A064B6F
:1003C000704700002554000889010008405C0120A6
:1003D000407B0120406C0120406C012070B5064636
:1003E00000F040FD056806F10B0020F00704B44260
:1003F0009CBF002070BD2B466A68BAB11068A0424D
:1004000010D304F1080188423CBF5068586007D3FC
:100410005168101941601168091B0160586014602F
:10042000101D70BD13465268002AE7D121462846A8
:1004300000F020FD0028DED170BD70B50446051F18
:1004400000F010FD0068002C14BF446870BD002C43
:1004500018BFAC423CBF20466468F8D301680A1854
:10046000AA4218BF456003D12A68054611440160BD
:1004700028684119A1421CBF6C6070BD6168696049
:1004800021680844286070BD70B50D460646041FFB
:1004900000F0E8FCD0F800C0C5B1E6B105F10B00F2
:1004A00020F00703AB423CBF002070BD206898429B
:1004B00038BFDCF8042013D3C11A08292FD3E01861
:1004C00040F8041B2360FFF7B8FF28E03046FFF731
:1004D000B4FF002070BD2846BDE87040FFF77EBF26
:1004E000002A18BFA2423CBF94465268F8D30119B3
:1004F000914216D111680844984212D3C11A0829B2
:100500003CBF2060506808D35168E0184160216802
:1005100012681144C91A01602360CCF80400201D40
:1005200070BD181FFFF75AFF050007D021680A1F8A
:10053000211D00F0D0FB201DFFF77FFF284670BD76
:1005400053EA020C00F069802DE9F04B4FF00006F1
:10055000002B1FBFB3FA83F503FA05F424FA05F65E
:100560005E4012BF1643B2FA82F502FA05F4C5F1F5
:1005700020051EBF22FA05FC44EA0C04203556EA89
:10058000044C4FEA144418BF641C4FF000084FF0AD
:100590000009904271EB030C39D3002919BFB1FA5D
:1005A00081F701FA07F6B0FA80F700FA07F6C7F10B
:1005B00020071EBF20FA07FC46EA0C062037B6FBD0
:1005C000F4FCA7EB0507103F07F01F0BCBF120064B
:1005D0000CFA0BFB2CFA06F644BFB3460026202F7C
:1005E000A4BF5E464FF0000B5BEA060C08BF4FF05D
:1005F000010B19EB0B09ABFB027C48EB0608C01B97
:1006000006FB02CC0BFB03CC71EB0C01C1E70B46E4
:10061000024641464846BDE8F08B13B54FF0000056
:100620004FF00001AFF30080BDE81C40704710B5EB
:10063000044600F00FFC0068005DC00602D504F11E
:10064000200010BD204610BD1CB50C46064B7B4457
:1006500069460090204600F03AFF044600206946B3
:1006600000F048FF20461CBDA30E00000FB4044953
:1006700010B503AA029800F059FF10BC5DF814FBF6
:10068000380000200FB41CB5084B06AA7B4469460D
:100690000090059800F01BFF04460020694600F01A
:1006A00029FF20461CBC5DF814FB0000650E00000D
:1006B00070B5044685690068C10601D5302600E0A2
:1006C0002026C00707D070BDD4E9012130469047ED
:1006D000206A401C20626D1EF6D570BD70B50446C0
:1006E00085690078C00707D170BDD4E901212020B9
:1006F0009047206A401C20626D1EF6D570BD70B513
:100700000C460546012A05D02878800600D5EA69FE
:10071000002302E0012305E05B1C934202D2E05C6F
:100720000028F9D1A869E618C01AA861286A1844F7
:1007300028622846FFF7BCFF04E0D5E9012114F840
:10074000010B9047B442F8D32846FFF7C7FF70BDAE
:100750002DE9F0410646002410687529314616A59A
:1007600010D000F021FC002802DA404213A507E077
:1007700031688A0701D512A502E0490704D511A501
:10078000012401E000F019FC00210A2206F12407EF
:1007900009E0B0FBF2FCB0FBF2F302FB1C003030CE
:1007A00078541846491C0028F3D123462A4630467F
:1007B000BDE8F04100F00ABC000000002D00000080
:1007C0002B000000200000002DE9F0418046D21DE2
:1007D00022F007020025D2E90002F52915A614D05F
:1007E000011E72F1000106DA0023D0EB030063EB77
:1007F000020211A608E0D8F800108B0701D50FA659
:1008000002E0490701D50EA601251146002408F192
:10081000240704E000F078FB30323A55641C50EABB
:100820000102F7D12B46324621464046BDE8F04151
:1008300000F0CCBB000000002D0000002B000000E9
:1008400020000000F0B40D460188090502D5214CB6
:100850007C4402E01F4C7C440E34002100F124064D
:1008600008E002F00F071209E75D42EA03721B0974
:100870007754491C52EA0307F3D102780023120788
:1008800004D5702D06D009B1022311342246F0BCE4
:1008900000F09CBB01231034F8E770B504460D4608
:1008A0002146106800F089FB024629462046BDE833
:1008B00070400023C6E7D21D22F00703D3E90023CE
:1008C000C0E70368126843F0200303600823C36194
:1008D0000023B7E7A0DC00002DE9F05F894604465D
:1008E0004FF0000ADFF874B1FB44C0F820A02046A6
:1008F000E1688847002874D0252806D0D4E9012172
:100900009047206A401C2062F1E700265F4620469F
:10091000E16888472028054607DB312D05D2781984
:1009200010F8200C08B10643F1E7B00701D526F016
:100930000406C4F81CA00027C4F818A02A2D09D06A
:10094000284606F08CFF38B304EB8708303DC8F822
:10095000185019E059F8041B204604EB87029161F6
:10096000E1688847012F054618D1E069002820DAA0
:1009700026F020061DE0D8F8180000EB800005EBFB
:1009800040003038C8F818002046E168884705461E
:1009900006F065FF0028EED1012F0AD02E2D08D1D8
:1009A0002046E16888477F1C0546022F46F0200656
:1009B000C4DBA069002803DA404246F00106A061CA
:1009C000F00701D026F010066C2D0BD0682D09D051
:1009D0004C2D39D06A2D35D0742D35D07A2D33D0A9
:1009E00016E038E0E1682F4620468847B8420546C1
:1009F00009D16C2F26D04FF48060E1680643204671
:100A00008847054604E06C2F1AD04FF480700643E7
:100A10000DB3A5F14100192802D8203546F400662F
:100A20004A462946204626604E46FFF7E7FB80B13E
:100A300001280BD0F61D26F0070000F1080956E743
:100A40004020E4E78020D8E70020D6E706F104093B
:100A50004DE7284652E7206ABDE8F09F30DC0000F1
:100A60000FB400B58DB010A9099000910B904FF014
:100A7000FF300A9000200C90064878440690064803
:100A800078446A4607900F9909A801F079F80DB0EB
:100A90005DF814FB231100003B11000030B5054642
:100AA0000B462A4613F8014B12F8010B08B1A0427D
:100AB000F8D01CB1002802D06D1CF1E7284630BDEB
:100AC00040EA010310B59B070FD1042A0DD310C8CB
:100AD00008C9121F9C42F8D020BA19BA884201D91D
:100AE000012010BD4FF0FF3010BD1AB1D30703D065
:100AF000521C07E0002010BD10F8013B11F8014B1B
:100B00001B1B07D110F8013B11F8014B1B1B01D136
:100B1000921EF1D1184610BD40EA0103024630B5DD
:100B20009B0710D14FF0013400E008C208C91D1B1B
:100B30009D4315EAC41FF8D013F0FF0102F8011B12
:100B40000DD01B0AF8E711F8013B002B02F8013B1E
:100B500005D011F8013B002B02F8013BF3D130BD69
:100B600010B5431C02E010F8011B71B18107FAD1E6
:100B70004FF0013202C88C1A8C4314EAC211F9D02A
:100B8000C01A0A0603D0C01E10BDC01A10BD0A0448
:100B900001D0801E10BD0902FCD0401E10BD40EAED
:100BA000010370B59B072ED14FF00136042A2AD3DA
:100BB00008C810C99D1B9D43121F15EAC61517D002
:100BC000D8B2E1B2401A50EA056110D198B2A1B290
:100BD000401A50EA05410AD123F07F4024F07F41BA
:100BE000401A50EA052102D1180EA0EB146070BD26
:100BF000A342DBD018BA21BA884201D9012070BDC6
:100C00004FF0FF3070BD0AB9002070BD10F8013BF5
:100C100011F8014B63B1A3420AD1521E08D010F85B
:100C2000013B11F8014B1BB1A34201D1521EEDD182
:100C3000181B70BD421E12F8013F002BFBD111F8AA
:100C4000013B002B02F8013BF9D17047032A40F227
:100C5000308010F0030C00F0158011F8013BBCF15E
:100C6000020F624498BF11F801CB00F8013B38BF76
:100C700011F8013BA2F1040298BF00F801CB38BF84
:100C800000F8013B11F0030300F02580083AC0F0A2
:100C9000088051F8043B083A51F804CBA0E808104A
:100CA000F5E7121D5CBF51F8043B40F8043BAFF37D
:100CB0000080D20724BF11F8013B11F801CB48BFD7
:100CC00011F8012B24BF00F8013B00F801CB48BF0D
:100CD00000F8012B704710B5203AC0F00B80B1E846
:100CE0001850203AA0E81850B1E81850A0E8185061
:100CF000BFF4F5AF5FEA027C24BFB1E81850A0E86A
:100D0000185044BF18C918C0BDE810405FEA827C83
:100D100024BF51F8043B40F8043B08BF7047D2079A
:100D200028BF31F8023B48BF11F8012B28BF20F83B
:100D3000023B48BF00F8012B70474FF00002042926
:100D4000C0F0128010F0030C00F01B80CCF1040CFA
:100D5000BCF1020F18BF00F8012BA8BF20F8022B2E
:100D6000A1EB0C0100F00DB85FEAC17C24BF00F8D4
:100D7000012B00F8012B48BF00F8012B70474FF002
:100D8000000200B5134694469646203922BFA0E8DB
:100D90000C50A0E80C50B1F12001BFF4F7AF0907E7
:100DA00028BFA0E80C5048BF0CC05DF804EB8900D8
:100DB00028BF40F8042B08BF704748BF20F8022B1B
:100DC00011F0804F18BF00F8012B70474FF0013C25
:100DD00050F8042B51F8043B9A4221D1A2EB0C03AA
:100DE000934313EACC1317D150F8042B51F8043B6A
:100DF0009A4215D1A2EB0C03934313EACC130BD107
:100E000050F8042B51F8043B9A4209D1A2EB0C0391
:100E1000934313EACC13DBD04FF00000704700BFC0
:100E2000D01A01BAB1FA81F101F0180122FA01F0E9
:100E3000CB40C1F12001DBB2C0B2C01A2CFA01F3E1
:100E4000D11A914311EAC311E6D170477047704738
:100E50007047000010B500F019FF001D10BD00BF65
:100E6000F5B4000000487047E85B01207047704708
:100E70007047704738B504460A4600206946AFF30C
:100E80000080002808BF38BD02460099204600F0C7
:100E900005FF012038BD012001F048BBF8B5AFF3D4
:100EA0000080054600200C46102000BF0646A81909
:100EB000A0420DD9324669460020AFF300800700FA
:100EC00008BF01F033FB0098A04218BF0546C419C3
:100ED000FFF7C8FF05600746F01D20F00700461920
:100EE000284600F00AF8B44208BFF8BDA21B3146FC
:100EF0003868BDE8F84000F0D1BE00210160C0E9CB
:100F0000011070471020704730B5B0F10A024FEA67
:100F1000900E71F100034EEA817EB0EB0E0061EBA2
:100F200091014FEA101E4EEA017E10EB0E0041EBDC
:100F300011114FEA102E4EEA016E10EB0E0041EB3C
:100F400011214FEA104E4EEA014E10EB0E0041EB1C
:100F50001141401841F100014FEAD00040EA4170D0
:100F60004FEAD10110EB80054FEA810444EA907406
:100F700044EB01046D1944EB0404521BA3414FF0F0
:100F8000000348BF0A3200D530BD401C41F10001CA
:100F900030BD10B500F07EFE006810BD10B50446EF
:100FA00000F078FE046010BD09684A0501D540B222
:100FB0007047C905FCD500B2704709684A0501D5DC
:100FC000C0B27047C905FCD580B270472DE9F04723
:100FD0000D4699469246044600F1240801688806A9
:100FE00004D5E06921F01001216000E00120A84251
:100FF00001DD471B00E00027A1697A1902EB090017
:10100000081AA0612078C00602D42046FFF750FBE2
:10101000002608E0D4E901211AF806009047206A6A
:10102000401C761C20624E45F4DB2078C0060AD5B1
:101030002046FFF73DFB06E0D4E901213020904730
:10104000206A401C2062381EA7F10107F4DC07E08B
:10105000D4E9012118F805009047206A401C20625D
:10106000281EA5F10105F3DC2046FFF737FB2078A9
:10107000000602D50220BDE8F0870120FBE71168D9
:101080000268006A530501D508700AE0D30501D54E
:10109000088006E0130603D5C217C1E9000200E08C
:1010A00008600120704770472DE9FF4F0C461E462F
:1010B0004FF0FF378BB0D2E90001DDF860800A9075
:1010C0008A46C1F30A5505B93D46002108464FF04E
:1010D0000000BAF1000F00F4400005DA00EB8000D8
:1010E0004FF4400101EA50004FEA9059B9F1010F65
:1010F00000DDB9460A9850EA4A000ED044F6105076
:10110000A5F2FF3545432F14B8F1000F1ED07542EC
:10111000291E1EDDC9F100021CE0B8F1010F4FF0DD
:10112000000001D0302103E0F24305E02154401CCF
:10113000B042FBDB30460022002121540B99C1F85C
:101140000880C1E900200FB0BDE8F08FBD1B6D1C09
:10115000DEE74A4600DA694206A801F051F906AB1B
:1011600093E8070003AB83E8070050460A9901F0B3
:10117000A3FC8DE80700A0F500501F3800900398ED
:10118000002D0ADD42F21F014A460844002303A94C
:101190000390684601F04EFF09E0A0F500504A4672
:1011A0001F38002303A90390684601F06DFF8DE806
:1011B00007000004000C03D04FF0FF30410800E0AE
:1011C0001046B8F1000F03D00022009215461EE031
:1011D000751E05D4FFF798FE303262556D1EF9D5A5
:1011E000B3460122084302D000227F1C04E020788D
:1011F000302801D100227F1E002A099784D01DE0EB
:10120000112D07DAFFF780FE303262556D1C50EA6F
:101210000102F5D1084302D00098C8B10EE00021C8
:10122000681E05E0235C625C63542254401E491C26
:101230008142F7DBAB46A81B401E0990002004F852
:101240000B000B98099AC0F80880C0E9002B7AE7D8
:1012500011264FF0000857E72DE9F04F8846044665
:10126000D21D22F0070191B0D1E90001CDE90A01B8
:1012700004F071FB02460B98C00F01D02D2007E04F
:101280002068810701D52B2002E0202101EAC0005F
:10129000032A099001D0072A05DB03464146204670
:1012A00000F09EFE0BE12078800601D5E06900E0A9
:1012B0000620B8F1650F814606D0B8F1660F18D048
:1012C000B8F1670F70D131E00020B9F1110F009033
:1012D00001DB112301E009F101030AAA01A90CA80D
:1012E000FFF7E2FEDDE90C70002609F101058346F7
:1012F00047E001204B4600904FF000470AAA01A9A1
:101300000CA8FFF7D1FEDDE90DB00C995D46002673
:1013100010B909F101000D18B9EB050003D4C0F1B3
:10132000FF3609F10105A5EB09002BE0B9F1010F2A
:1013300001DA4FF001090020B9F1110F0090484681
:1013400001DD112300E003460AAA01A90CA8FFF75A
:10135000ABFEDDE90C704D46002683462078000781
:101360000AD4AB4500DA5D4601A8012D04DD411920
:1013700011F8011C302907D04F4502DA17F1040F8C
:1013800004DA012082460FE06D1EEEE7002F02DC3A
:10139000ED1B3E4403E0781CA84200DD7D1CB81B19
:1013A00000F1010A4FF000472078000703D4AA4556
:1013B00001DB4FF0FF3A0021B7F1004F0DF1430878
:1013C0008DF8431024D002202B23002F01DA7F4216
:1013D0002D230A21021EA0F1010000DC5FB197FB62
:1013E000F1FC97FBF1F201FB1C7C17460CF1300C71
:1013F00008F801CDEEE7A8F1010003702188090586
:1014000001D5452100E06521A0F1010800F8011C8B
:1014100009980FA9A1EB0807FF1D00B10120411990
:1014200001EBEA70A1693844081A401EA0612078D7
:10143000C00602D42046FFF73BF9099828B1D4E949
:1014400001219047206A401C20622078C00622D5E6
:101450002046FFF72DF91EE0002E04DBB34502DD28
:1014600001A8805D00E03020D4E901219047206A86
:10147000401C2062761CAAF101005FEA000A0AD132
:1014800000F004FCC0680168405CD4E90121904789
:10149000206A401C2062281EA5F10105DCDC07E063
:1014A000D4E9012118F8010B9047206A401C206202
:1014B000381EA7F10107F3DC2046FFF70FF90320E0
:1014C00011B041E601694A1C02610878704700B515
:1014D0008FB0CDE901310021059105497944CDE96D
:1014E000031011466846FFF7F7F90FB000BD000082
:1014F000E5FFFFFF0A6802F8010B0A60704710B5AC
:10150000436913B1AFF3008001E0FFF7F8F8012061
:1015100010BD127800F124010A7000224A700122E5
:10152000EDE711684FF0FF32E9E70000074B70B5B7
:101530000D467B44FFF7CBFF0446284600F0D2FF60
:1015400010B14FF0FF3070BD204670BDFF6B000042
:101550002DE9FF5F15468A460446DFF8AC80F84463
:101560000027D8E900103E46CDE9001010E03AF817
:1015700016106A4602A800F0B9FF411C07D0217876
:10158000890603D5E269391891420DD80744761CC3
:101590002078800602D5E069B84205DDAE42E6DB80
:1015A0003AF816000028E2D1A069C01BA0612046CD
:1015B000FFF77EF8D8E90010CDE90010002017E011
:1015C0003AF818106A4602A800F090FFB0F1FF3F09
:1015D00081460BD000250DF1080B05E0D4E901216F
:1015E0001BF8050090476D1C4D45F7D308F101002D
:1015F000B0428046E4DB206A384420622046FFF790
:101600006DF8BDE8FF9F000056D0000030B4002107
:1016100000F1240408E002F00705D208303542EA60
:101620004372DB086554491C52EA0305F3D1046890
:10163000002310A2250707D5A40600D421B1C46950
:1016400001230DA2641EC46130BCFFF7BFBC10B5FE
:10165000044621461068FFF7B0FC02462046BDE86C
:1016600010400023D2E7D21D22F00701D1E9002368
:10167000CCE7000000000000300000002DE9FF4F23
:1016800006468BB00878FF2806D0491C2D2805D0C7
:1016900000244FF0000908E000200CE00124F8E7E6
:1016A00009EB8903491C00EB43090878FF28F7D1AF
:1016B00014B1C9F100008146107800252C46AA46D5
:1016C00029462D2801D02B2804D1521C2D2813D0B7
:1016D000002082468B461078FF280FD04FF0000C78
:1016E0000A21521CA5FB017804FB018105FB0C11AA
:1016F000C5194BEB0104EEE70120EAE7002108469B
:101700004FF00000BAF1000F02D000EB800040085B
:10171000C0F38157012F01DD4FF0FF370E9955EAD5
:10172000040009EB01080BD04FF0020918F5FA7F0D
:1017300016DA4FEACA70002F706008DD012007E05A
:101740004FEACA70C6E900B00FB0BDE8F08F0020C4
:10175000306000F09FFAC0F800901821084616E0AB
:10176000B8F5FA7F18DD002F02DAF748784401E077
:10177000F6487844D0E90010C6E9001040EACA7083
:10178000706000F087FAC0F80090142108460FB08E
:10179000BDE8F04F0BF03FBD002108464FF00000C0
:1017A000B8F10001099002DAC7F1000200E03A4600
:1017B00001DAC8F1000106A800F022FE06AB93E8AA
:1017C000070003AB83E8070044F23E005BEA040134
:1017D0000090584604D144F21E012C465D4600910B
:1017E000210C0904014306D10099240444EA15445C
:1017F0002D041039009104F07F41014306D1009976
:10180000240244EA15642D020839009104F0704165
:10181000014306D10099240144EA15742D01091FE2
:10182000009104F04041014306D10099A40044EA2C
:101830009574AD00891E009104F00041084304D165
:1018400000986D196441401E00904FF001033A4624
:101850006846B8F1000FCDE9014503A902DD01F0AA
:1018600028FC01E001F0FBFBBAF1000F04460D4635
:1018700001D084F00044002108464FF0000009998F
:1018800040F2FF77484010F00C0F07D124F00040E1
:10189000284303D0C4F30A50B84212D100F0FAF939
:1018A000C0F80090C4F30A50B8420AD1A84878445E
:1018B000D0E90010C6E9001004F000410843706050
:1018C00042E7C6E900543FE72DE9FF4F1F464FF0BE
:1018D000000A4FF0FF38454691B0D7E90146CDF8F0
:1018E0003CA000F0D3F9C0680168405C1090B96971
:1018F00012986D1C8847396A814688470028F6D1BE
:10190000B9F1FF3F0AD0002E24F4D06411DDB9F103
:101910002B0F08D0B9F12D0F0BD102E0404615B0C6
:1019200013E744F48064B96912986D1C8847761EE9
:101930008146600504A901D52D2000E02B20002E52
:1019400001F1010B0DF130088DF810003FDDB9F108
:10195000690F08D0B9F1490F05D0B9F16E0F02D067
:10196000B9F14E0F1CD13B4601A8009580E850020A
:10197000DDE912126FF002000BF0F4FCC11CCED1B5
:101980000EE0B96912986D1C884781461398761E3F
:1019900044F4007405600F98401C002E0F9016DD73
:1019A000B9F1300FEDD0B9F1780F02D0B9F1580F7D
:1019B0000DD10F9801280AD13B46CDE90054DDE94D
:1019C0001212001F02960BF0CBFCC11CA7D110997C
:1019D00089453ED144F0800406E01399681CAAF1C1
:1019E000010A44F400740860B9696D1C1298761EEF
:1019F000884730288146F0D02BE01099894505D1E1
:101A0000200603D4761E44F0800418E0484605F012
:101A100026FF08B3761E0DF123018B4544F40074B4
:101A200008D2A9F130000BF8010B200607D5AAF166
:101A3000010003E0200602D40AF101008246A0055D
:101A400002D51399681C0860B96912986D1C884703
:101A50008146002ED1DC53E0002E51DDB9F1650F37
:101A600002D0B9F1450F4BD1A00549D5B9696D1C1C
:101A70001298761E24F440748847002E81460CDDAF
:101A80002B2804D0B9F12D0F07D144F48074B96923
:101A900012986D1C8847761E8146E00501D52D21E0
:101AA00000E02B2108F8011BCDF8008021E0761E14
:101AB0000DF13901884544F400740CD2A9F13000CD
:101AC00010F0FF0088F8000002D10099884509D97C
:101AD00008F1010806E0E00501D51E4801E042F2E8
:101AE0000F708246B96912986D1C88478146139819
:101AF0000560002E04DD484605F0B1FE0028D6D171
:101B0000F96912988847FF2053468BF8000088F83F
:101B1000000000200A900B9004AA0CA90AA8FFF765
:101B2000ADFDA00502D46FF00100F8E614F0240F1B
:101B300012D0E0071CD13868DDE90A12031D3B60B2
:101B40000068C0E9001213E038D100002AD100007B
:101B5000EECF0000F1D8FFFF0AA9684605F06CFE41
:101B6000E00705D13868009A011D396000680260FD
:101B70002846D4E60268114413780160184670477D
:101B8000D1600549794451610449794411620021C9
:101B90001161114600F07ABAEDFFFFFF430100002A
:101BA000426842B1016811F8013B23B1521EC0E9FD
:101BB0000012184670470121C160881E70474268B4
:101BC0005AB1C368016843B983688B4205D0491E86
:101BD000521CC0E90012002070474FF0FF307047E0
:101BE0000FB4002300B589B00CA900910B99CB600C
:101BF000214B7B440693214B7B44079304236FF0D6
:101C00000042CDE901321E4A7A446B4608920246F0
:101C100000200BF0A3FB09B05DF814FB70B506467D
:101C20004FF0FF3015460C46324686B00091CDE9A4
:101C3000010169460020049004A8FFF7D1FF024685
:101C40000498211825B108B1084600E02046286014
:101C5000049800280DD0002A02DD0098884208D0A0
:101C60003246081B69460094CDE9010404A8FFF739
:101C7000B7FF06B070BD0000ABFFFFFFC3FFFFFF63
:101C8000C500000000487047E05B01200048704735
:101C9000005C012000487047E05B0120034640687B
:101CA0008C46002818BF88423CBF03464068F8D3E2
:101CB00018681844884207D00CF1030020F0070090
:101CC000001D411A521A0146081D0A60FEF7B5BBF5
:101CD00010B50446FFF7BEF80068005D00F0010093
:101CE00010BD00002DE9F04F04460D46D21D22F034
:101CF000070089B0D0E900974846394603F02BFE2B
:101D00000246F80F01D02D2307E02068810701D596
:101D10002B2302E0202101EAC0038DF820300BB113
:101D2000012000E00020032A824601D0072A04DBBC
:101D30002946204600F054F93FE12078800601D47E
:101D40000D2500E0E569C7F30A560D2D49DA00219B
:101D50004FEA175B08464FF00000002F00F44000E8
:101D600007DA00EB80004FF4400100EBD07001EA8D
:101D700060008115012901DD4FF0FF3100224FEA9B
:101D8000850CBCF1180F06D31346ACF118004FF0C8
:101D90008052C24003E04FF4801323FA0CF30CF19D
:101DA0000C0CBCF1200F04D3ACF1200C09FA0CF0A0
:101DB00001E007FA0CF000294FF0004801DD18B9E6
:101DC0000FE00ED140450CD319EB02095F4121B958
:101DD000404502D19F4329EA0209BBEB175F00D0BF
:101DE000761C2088000502D57B48784402E07A48BA
:101DF0007844193808AA302302F80A30037C0AF123
:101E00000101002E0AF1020A53546A4602DC4FF027
:101E1000300101E04FF031014FF001088DF8001062
:101E200002D0A6F2FF3603E059EA470100D06B4E1C
:101E3000002D02DC2178090704D54FF002082E217D
:101E40008DF80110C44600210BE0C7F303433F01A6
:101E5000C35C491C6D1E02F80830052908F1010811
:101E600001DA002DF1DC00210CE000EB1973491CB4
:101E70001B786D1E082902F808304FEA091908F18D
:101E8000010801DA002DF0DC21688B0602D516E08E
:101E9000A8F10108E04505DD02EB080313F8013C59
:101EA000302BF5D0B8F1000F09DD02EB080313F871
:101EB000013C2E2B03D1090701D4A8F10108002D04
:101EC00005DD3E2102F808106D1E08F10108407C76
:101ED000002E02F8080008F1010804DA2D207642ED
:101EE00002F8080002E02B2002F808000A214FF453
:101EF0007A70864208F101080BDB96FBF0F3303371
:101F000002F8083096FBF0F308F1010800FB1366B5
:101F100001E0642E0CDB642096FBF0F3303302F812
:101F2000083096FBF0F308F1010800FB136601E0AE
:101F30000A2E06DB96FBF1F0303002F8080008F1BB
:101F4000010896FBF1F001FB1060303002F8080048
:101F5000A16908F1010808EB050202EB0A00081A62
:101F6000A0612078C00602D42046FEF7A1FB216ABA
:101F700008AE01EB0A00206204E0D4E9012116F862
:101F8000010B9047BAF1010AF7D22078C00602D5BA
:101F90002046FEF78DFB6E4609E016F8010B3E2841
:101FA0000FD0D4E901219047206A401C2062B8F18B
:101FB0000108F2D22046FEF791FB09B00320BDE8EC
:101FC000F08F206A2844206203E0D4E90121302008
:101FD00090476D1EEBD3F8E7A5C9000002FCFFFF98
:101FE0002DE9F0411F46044603260168072A01F443
:101FF000006004DB08B116A505E016A503E008B1F2
:1020000015A500E015A521F010002060A069C01EF4
:10201000A0610FB1401EA0612046FEF749FB4FB101
:10202000D4E9012138469047206A401C2062C01C38
:10203000206206E0206AFAE7D4E9012115F8010BD5
:102040009047761EF8D22046FEF748FBBDE8F081A7
:102050004E414E006E616E00494E4600696E66004C
:1020600010B5436913B1AFF3008001E0FFF770FAD8
:10207000012010BD128800F1240182840022C28454
:102080000122EDE711684FF0FF32E9E72DE9F34F48
:102090004FF0000A0C4656468DB001200C9001F11D
:1020A0000C000B9062690B9801219047051E2DD002
:1020B000252D2CD0216A8847C0B162690B98012177
:1020C0009047216A88470028F7D16269411E0B9822
:1020D000904700E0761CA1690D988847216A8847DF
:1020E0000028F7D1E1690D988847DBE7A1690D98D1
:1020F0008847A842074601D1761CD3E7E1690D98CD
:1021000088477F1C02D1BAF1000F6FD06CE1626981
:102110000B9800273D46394690472A2804D162692A
:102120000B98012190470125DFF8D08262690B9856
:1021300001219047A0F130010A290AD24745E5DC88
:1021400007EB870100EB4107303FDFD445F0100576
:10215000ECE7E90601D46FF000476C280AD04C2860
:1021600014D0682815D06A280DD074281CD07A287D
:102170001AD01DE062690B98012190476C2802D0AB
:1021800045F0040514E045F002050DE045F020059A
:102190000AE062690B9801219047682802D045F057
:1021A000080505E045F4006562690B980121904738
:1021B000C4E9015765283DD019DC58287AD00CDCD9
:1021C000452837D004DC252826D041289ED131E08F
:1021D00046282FD0472899D12CE05B2877D061285A
:1021E00028D063287CD0642823D15AE0F7E06F28F8
:1021F00048D008DC66281DD067281BD0692821D06C
:102200006E2816D127E0702845D0732868D075282D
:1022100047D078280DD14DE0A1690D988847252831
:1022200005463FF469AFE1690D9888476D1C3FF49E
:102230006AAFD9E00D9923466A466FF001000BF0B2
:102240008DF8C6E045F0400023464FF00002606084
:10225000A80736D43EE0E8077FF447AF2068011DA9
:1022600021600068290501D506701BE7290701D503
:10227000068017E7A90703D5F117C0E9006111E748
:1022800006600FE745F0400023464FF0080260600B
:10229000A80716D41EE040F60E0125EA0100606092
:1022A00016E045F0400023464FF00A026060A807A0
:1022B00007D40FE045F040006060A80708D523462A
:1022C00010220D996FF00100AFF3008081E007E06C
:1022D000102223460D996FF00100AFF3008078E0E3
:1022E0004FF0000963284F46C8464B46CB4602D004
:1022F0005B2807D039E02079C00601D40120A06016
:10230000012732E06269D4F80CB00B9801219047A4
:102310005E2807D14FF0010949466269D4F80CB034
:102320000B989047216939B900210A4603AB43F85D
:102330002120491C0829FADBD8B3216949B308F1E7
:10234000010862690B98012190475D28F4D1B9F129
:10235000000F09D0002003A951F82020D24341F8F2
:102360002020401C0828F7DB03AB206900282079D7
:102370004FEA40701ED05B462246CDF80080CDE982
:1023800001970D9900286FF0010020DAAFF300806B
:102390001FE0C11703AA00EBD1614B1121F01F010F
:1023A00002EB8302411A1368012088400343136043
:1023B000C7E719E00D99224600286FF00100009749
:1023C00002DAAFF3008004E0AFF3008001E0AFF386
:1023D000008000280ADA401C06D10C9820B14FF08A
:1023E000FF300FB0BDE8F08F5046FAE7E90701D1A2
:1023F0000AF1010A064400200C9053E6CCCCCC0C28
:102400002DE9F047814616468AB0354878440DC814
:102410008DE80D0032487844801C03AC0DC884E878
:102420000D0041F69B300844372190FBF1F290FB00
:10243000F1F5A5F1800501FB12041B3C02D56442B5
:10244000012000E00020DFF898A080460027FA4431
:10245000AAF1BE0A0EE0E0070AD03246684607EB52
:10246000470101230AEB810100F00EFE8DE8070011
:1024700064107F1C002CEED1194F7F44AE3F19E051
:10248000E80715D007EB04100DF1180A90E80E00CC
:102490008AE80E00C068F04201D1981908903246CF
:1024A000012306A903A800F0EFFD03AB83E80700B2
:1024B0006D10641C002DE3D14FF0010332466946D4
:1024C000B8F1000F03A802D000F0B4FD01E000F065
:1024D000DBFDC9E90001C9F808200AB0BDE8F087B2
:1024E00014C40000007B00F08000704770B51646F1
:1024F0000C460546FEF7AEFC036893F8010101287F
:1025000006D0FF2C0FD8185D68B101202C7070BD6B
:10251000D3F807013246214603F207130344284645
:10252000BDE8704018474FF0FF3070BD10B500F0A7
:1025300061FABDE8104000F058BA7546FFF7A2FBFB
:10254000AE4605006946534620F00700854618B0A0
:1025500020B5FDF731FFBDE820404FF000064FF0F9
:1025600000074FF000084FF0000B21F00701AC46C8
:10257000ACE8C009ACE8C009ACE8C009ACE8C009E7
:102580008D4670472DE9FF4F1F464FF03C0987B03D
:102590004FF00042DDE9141001F10108DDF858A008
:1025A00002EA405003900020059083460546044609
:1025B0000490B969461E08988847AAF1010A02905A
:1025C000BAF1000F3BDD02982E2815D0102100F043
:1025D0004CFA00282EDB4FF0010B0599014317D070
:1025E000B9F1000F0BDB4A46C11700F02BFA054387
:1025F0000C43A9F1040905E0012004900BE008B1A7
:1026000045F0010501200590049820B9361D02E02F
:10261000049800B1361FB969089808F10108884785
:10262000BBF1000FAAF1010A0290C9D00999C1F8C3
:102630000080C5E70298702808D0502806D0F969B4
:1026400008988847BBF1000F14D04FE0002002909B
:102650000120BBF1000F049009D0B969089808F176
:1026600001088847AAF10109B9F1000F07DCF969EF
:10267000089888476FF001000BB0BDE8F08F2B2859
:1026800004D02D280CD14FF0FF300490B969089880
:1026900008F101088847A9F10109B9F1000FE6DD49
:1026A000411CE4D00A2100F0E0F90028DFDB0299A8
:1026B00008F1010801EB810100EB41000290B969CA
:1026C000089888470A2100F0D0F9099AA9F1010970
:1026D000B9F1000FC2F8008001DD0028E7DAF969DE
:1026E000089888470499029800FB016655EA04009F
:1026F00004D004F04041090002D006E0039898E0BD
:10270000A40044EA9574AD00B61E04F00041080030
:1027100002D16D196441761E159810F0240F03D074
:102720004FF00B095C4803E04FF028096FF07D0083
:102730008246564507DAAAEB06018944B9F1410FF2
:1027400001DD4FF0410901200021A9F1010200F053
:1027500079F9024628400B462140084301D0012167
:1027600000E00021501E029143F1FF31284021403A
:10277000084301D0012000E000200299834651EA7D
:102780000B014FD0002108464FF00000039900F4E0
:10279000400039B100EB80004FF4400100EBD070F5
:1027A00001EA60008015012802DD4FF0FF3000E0F3
:1027B00013D0401C36D0029860B3BBF1000F0CD18F
:1027C0004A460120002100F03DF9284021400843FD
:1027D00001D0012000E00020E0B101204A460021A4
:1027E00000F030F9034640190A4661412D1A8C4128
:1027F00011D3B9F1400F09DD159810F0240F02D064
:10280000AAF1340603E0AAF1170600E0761C0025C1
:102810004FF0004406E05B1E42F1FF3220EA030560
:1028200021EA0204CAF10100B04206DA1B4903980A
:1028300008430190002000900EE0039AC4F3D321D6
:10284000E80A0A43164940EA44500A433146CDE9B2
:102850000002684604F0F9FF159810F0240F0BD021
:102860001598C00715D13868DDE90012031D3B60DB
:102870000068C0E900120CE002A8694604F0DCFF21
:102880001598C00705D13868029A011D39600068A3
:1028900002604046F0E6000002FCFFFF0000F07F0F
:1028A0000000F03F2DE9FF4F92461D4685B04FF0E6
:1028B0000041DDE9124BDDE914727F1E01EA4B5045
:1028C000414940F0FF4940EA0108002122F0200080
:1028D0004928049102D04E2828D04CE03BA0012684
:1028E00007C88DE80700A9690698641C88477F1E01
:1028F000014606D41DF8060018B121F020018142DE
:102900000BD0E96906988847032E34D0082E32D0C0
:102910006FF0010009B0BDE8F08F761C032E01D0E6
:10292000082EE0D1601CCAF80000DCE7A96906980F
:10293000641C88477F1E2AD420F02000412826D11D
:10294000A9690698641C88477F1E20D420F02000C7
:102950004E281CD1A9690698641C88477F1E48F43C
:10296000002849F48009CAF8004001D4282806D07C
:10297000E969069888475FEACB7012D022E0A9691E
:102980000698641C88477F1E01D4002803DAE96991
:1029900006988847BCE72928F1D1641CCAF8004092
:1029A000E9E71BF0240F07D028680499031D2B606A
:1029B0000068C0E9001805E02868021D2A60006868
:1029C000C0F800902046A5E70000F07F494E464938
:1029D0004E4954590000000010B50446AFF3008082
:1029E0002046BDE81040FDF772BC002801D004F07D
:1029F00055BF704710B5012805D0002103A000F095
:102A000042F8012010BD09A1F8E7000053494752E0
:102A1000544D454D3A204F7574206F6620686561AE
:102A200070206D656D6F7279000000003A20486576
:102A30006170206D656D6F727920636F7272757051
:102A400074656400B2F120030AD5C2F1200301FAD3
:102A500002F120FA03F300FA02F041EA03017047A1
:102A600000FA03F14FF0000070473A2800D23038E6
:102A700020F02002412A01D3A2F13700884201D37D
:102A80004FF0FF30704770B505460C460A2000E055
:102A90006D1C04F004FF35B128780028F8D102E05D
:102AA000641C04F0FCFE14B120780028F8D1BDE8C5
:102AB00070400A2004F0F3BE5FEA400C08BF91F0BA
:102AC000000F4FEA8C234FEAC12243EA51514FEAEB
:102AD0001C5018BF00F5F0404FEA300018BF41F01D
:102AE00000415FEA6C5C00F02980BCF1FF3F08BF49
:102AF00040F080407047130C06BF12044FF0100CDA
:102B00004FF0000C130E04BF12020CF1080C130F4F
:102B100004BF12010CF1040C930F04BF92000CF1DE
:102B2000020CD30F04BF52000CF1010C11464FF000
:102B30000002A0F11F00A0EB0C00704711F0004F45
:102B400008BF704731F000413FF4D5AF0B0C06BF12
:102B500009044FF0100C4FF0000C0B0E04BF0902DB
:102B60000CF1080C0B0F04BF09010CF1040C8B0FC6
:102B700004BF89000CF1020CCB0F04BF49000CF11B
:102B8000010CCCF12003A0EB0C0022FA03F302FAB3
:102B90000CF241EA030100F10100704720F07F4C84
:102BA00080EA030023F07F47ACEB070303F57C5377
:102BB00000F0004003F1FF032DE980494FEA154B77
:102BC00009B44FEA144325EA0B4E24EA03480FF2F6
:102BD000042606EB132749083E785FEA320203FB1E
:102BE0000667C7F5000707FB06F64FEA54374FEABA
:102BF000D64606F1020607FB066CCCF1005C4FEAF4
:102C00001C472CEA074C07FB06F40CFB06F504EB0B
:102C100015464FEA961634BF00204FF000404FEAA9
:102C2000D13706FB07FC4FEA1C4C0CFB0BF7D21B01
:102C300003FB0CF761EB07010CFB0EF7B0EB074051
:102C400072EB17420CFB08F734BFA2EB0742B2EB62
:102C5000074261EB17414FEA0C444FEA910706FB2C
:102C600007FC4FEA1C4C0CFB0BF7B0EBC74072EBB8
:102C7000573203FB0CF734BFA2EBC742B2EBC7429B
:102C800061EB57310CFB0EF7B0EBC70072EB5772DC
:102C90000CFB08F734BFA2EBC702B2EBC70261EB33
:102CA0005771039F4FEA816141EA921104EBCC0412
:102CB0004FEAD1374FEA826206FB07FC42EA9012E4
:102CC0004FEA80604FEA1C4C0CFB0BF7D21B03FB56
:102CD0000CF761EB07010CFB0EF7B0EB074072EB52
:102CE00017420CFB08F734BFA2EB0742B2EB0742D6
:102CF00061EB17414FEA8C554FEA910704EB9C2496
:102D000006FB07FC4FEA1C4C0CFB0BF7B0EBC74073
:102D100072EB573203FB0CF734BFA2EBC742B2EBA6
:102D2000C74261EB57310CFB0EF7B0EBC70072EBFB
:102D300057720CFB08F734BFA2EBC702B2EBC70215
:102D400061EB577115EB4C254FEA816141EA921115
:102D50004FEA82624FEAD13742EA901206FB07FC43
:102D600044F100044FEA80604FEA1C4C0CFB0BF767
:102D7000D21B03FB0CF761EB07010CFB0EF7B0EB6A
:102D8000074072EB17420CFB08F734BFA2EB074277
:102D9000B2EB074261EB174115EB1C154FEA81318D
:102DA00041EA92414FEA823242EA90424FEA803051
:102DB0004FEA0C7644F1000448EA03434EEA0B481C
:102DC0004FF0000EB2EB080C71EB030724BF624614
:102DD00039464EEB0E0E4FF0000B001852414941A0
:102DE0004BEB0B0BB2EB080C71EB03077BF1000B09
:102DF00024BF624639464EEB0E0E4FF0000B001812
:102E0000524149414BEB0B0BB2EB080C71EB030742
:102E10007BF1000B24BF624639464EEB0E0E51EAA1
:102E2000020718BF46F0010616EB0E7655F10002B8
:102E300054F1000103D5BDE88901BDE80088BDE873
:102E40008901BDE80048B619524141EB0101A3F1E7
:102E50000103704780807F7E7D7C7B7A79787776EE
:102E600076757473727171706F6E6E6D6C6C6B6A67
:102E70006A69686867666665646463636261616005
:102E8000605F5F5E5E5D5D5C5C5B5B5A5A59595882
:102E900058575756565555555454535352525251EC
:102EA000515050504F4F4F4E4E4D4D4D4C4C4C4B42
:102EB0004B4B4A4A4A494949484848474747474689
:102EC00046464545454444444443434343424242C5
:102ED0004241414146EA0646A3F570534FEA164681
:102EE00046EA42564FEAD22242EA415210B54FEA30
:102EF000D121A3F1010300F02FF820F0004000F1F0
:102F0000020C00F0004701EB00501146BCF5006FC9
:102F100040EA070000D210BDBAF1000F0AD01CB57C
:102F200003B44FF004004FF004014FF000000FBC59
:102F3000BDE810404FF00001BBF1010FB9BF0448DC
:102F40004FF0FF310348002140EA070010BD00BFE9
:102F5000FFFFEF7F0000F07F002B9C4630D477000E
:102F60002BD01CB54FEA370703B44FF010004FF0D9
:102F70001001BAF1000F06D0BCF1000FDCBF40F029
:102F8000080040F008014FF000000FBCBDE8104001
:102F90000BF1010BBBF1010F08BF5FEA170722BF5E
:102FA00012F1010211F101014FF0004143F1000360
:102FB00000F0004043EA00007047F9D35708D0E71B
:102FC00046EA064613F1400F4FEA16461FDD13F19D
:102FD000200FDFBF16430A46002120335B42BED0DC
:102FE000C3F1200746EA064602FA07F74FEA1646FB
:102FF00046EA0706C3F1200722FA03F201FA07F7AF
:1030000021FA03F14FF0000342EA0702A7E746EA7C
:10301000020646EA06464FEA164646EA0106BCBFE5
:1030200046EA0646360C4FF000034FF000024FF020
:10303000000194E72DE9804C9A46934670B491E8DC
:10304000380007C831EA400C48BF34EA430C03D5C6
:10305000FFF7A4FDFFF780FFF0BCBDE8008C2DE971
:10306000804C9A46934670B491E8380007C831EA1C
:10307000400C48BF34EA430C03D5FFF78FFDFFF740
:1030800029FFF0BCBDE8008C2DE9804C9A469346A0
:1030900070B491E8380007C810F0804F08BF13F0F3
:1030A000804F03D100F01AF8FFF756FFF0BCBDE8DF
:1030B000008C2DE9804C9A46934670B491E8380014
:1030C00007C810F0804F08BF13F0804F03D100F005
:1030D00005F8FFF7FFFEF0BCBDE8008C20F07F474D
:1030E00080EA030023F07F4C07EB0C03A3F57C532D
:1030F00000F00040A3F1FE0392F0000F00F0B38057
:1031000095F0000F00F077802DE901494FEA11405A
:103110004FEA144621EA004800FB06FC24EA064771
:1031200008FB06F607FB08F800FB07F718EB064854
:103130004CEB164C4FEA124B18EB07484FEA15467A
:103140004CEB174022EA0B4E0BFB06FC25EA064728
:103150000EFB06F607FB0EFE0BFB07F71EEB064EFB
:103160004CEB164C4FF000061EEB074E4CEB174B8A
:1031700018EB0B0840F1000018EB0E0B58EB0008A1
:1031800040F100008F1A4FF000013CBFC943661B9D
:1031900014BFB5EB040C00213CBFC943F61B4FEA3A
:1031A00017444EEA8E0E27EA04454FEA1C4704FBFB
:1031B00007622CEA074C05FB07F70CFB05F604FB3E
:1031C0000CFC16EB074642EB174216EB0C4642EBA3
:1031D0001C421BEB060658EB0202414146EA9E06E2
:1031E00001D5BDE80189B619524141EB0101A3F1B6
:1031F0000103BDE801894FEA14454FEA114724EA6B
:10320000054621EA074C05FB07F406FB07F70CFB14
:1032100006F105FB0CFC11EB074144EB17444FEAA8
:10322000124711EB0C4144EB1C4422EA074C05FB0E
:1032300007F206FB07F70CFB06F605FB0CFC16EB8A
:10324000074642EB174216EB0C4642EB1C456A1848
:1032500054F1000148BF7047B619524141EB0101DA
:10326000A3F10103704795F0000F37D04FEA1142E8
:103270004FEA144721EA024624EA074C02FB07F111
:1032800006FB07F70CFB06F402FB0CFC14EB0744EF
:1032900041EB17414FEA154714EB0C4441EB1C413D
:1032A00025EA074C02FB07F506FB07F70CFB06F6C1
:1032B00002FB0CFC16EB074645EB174516EB0C46DC
:1032C00045EB1C42121951F1000148BF7047B61975
:1032D000524141EB0101A3F1010370474FEA14454C
:1032E0004FEA114724EA054621EA074C05FB07F19E
:1032F00006FB07F70CFB06F24FF0000605FB0CFC83
:1033000012EB074241EB174112EB0C4251EB1C410F
:1033100048BF7047921841EB0101A3F101037047C8
:10332000FEE77047002229B101291AD002291BD0DB
:103330004FF440720E490B6823F440730B600B6826
:1033400013430B600A6822F0F8020A600A6802233D
:1033500003EBC00002430A60086840F48030086054
:1033600070474FF48072E5E74FF40072E2E7000027
:10337000103C02401348016889050FD5016821F40B
:1033800000710160016841F400610160016821F48D
:1033900000610160016841F4007101600168490544
:1033A0000FD5016821F480610160016841F480510A
:1033B0000160016821F480510160016841F480617D
:1033C00001607047003C024008490A6822F44072DC
:1033D0000A600A6842F004020A600A684FF4803307
:1033E00043EA002002430A6070470000103C02409C
:1033F000064A136823F4407313601368136013685C
:1034000043F001031360017070470000103C02405C
:10341000094910B50C6824F440740C600C6844F43D
:1034200040740C600C6844F001040C600260BFF34F
:103430006F8F436010BD0000103C0240074A1368C4
:1034400023F440731360136843F4807313601368AC
:1034500043F001031360018070470000103C0240FC
:10346000074A136823F440731360136843F400732E
:103470001360136843F0010313600160704700009C
:10348000103C024017490868C206174805D5C269B2
:1034900042F01002C26110220A600A68920605D545
:1034A000C26942F00802C26120220A600A6852061C
:1034B00005D5C26942F00402C26140220A600A686E
:1034C000120605D5C26942F00202C26180220A607A
:1034D0000A68920705D5C26942F02002C261022043
:1034E000086070470C3C0240D01A002070B51149AA
:1034F00004460020C86100F0DBFA05460E4E09E0E4
:10350000601C07D024B100F0D3FA401BA04201D9BF
:10351000032070BD3068C003F2D43068C00701D00A
:1035200001203060306810F0F200F2D0FFF7AAFFFF
:10353000012070BDD01A00200C3C0240FEB50025D1
:10354000009501952C46029500F0A2F9194E3046DF
:1035500000F03EF8014618480122022340F8085BBB
:103560004FF47A7780E80E006946134800F0FCF8C3
:1035700005000BD0641C032C03DD00F041F9284644
:10358000FEBD3846FFF7B2FF032CEDDB31460B4A98
:103590000023022000F03EF938B100F031F908A014
:1035A000FDF764F84FF0FF30FEBD00F029F9002070
:1035B000FEBD000000000E089C0D0020785634125D
:1035C0005772697465204572726F720D0A000000AF
:1035D00001460020A1F100624FF480439A4204D3D7
:1035E00020480844984201D2012070471E480844F0
:1035F000984201D2022070471C480844984201D2E8
:10360000032070471A480844B0F5803F01D20420D7
:10361000704718484FF400320844904201D2052008
:10362000704715480844904201D20620704713485D
:103630000844904201D20720704711480844904244
:1036400001D2082070470F480844904201D2092057
:1036500070470D480844904201D20A2070470B2061
:103660007047000000C0FFF70080FFF70040FFF741
:103670000000FFF70000FEF70000FCF70000FAF77B
:103680000000F8F70000F6F70000F4F72DE9F0412C
:103690000446876D00F00CFA054694F835000026C4
:1036A000022806D08020606584F834600120BDE8DF
:1036B000F0812068016821F01601016020684169ED
:1036C00021F080014161206C08B9A06C20B1206814
:1036D000016821F0080101602068016821F0010102
:1036E00001600CE000F0E4F9401B052807D9202018
:1036F0006065032084F8350084F83460D7E72068DB
:103700000068C007EED194F85C103F208840B86094
:10371000012084F8350084F834600020C7E790F871
:103720003510022903D08021416501207047052111
:1037300080F835100068016821F001010160002067
:103740007047000070B5044600F0B2F90546601CF1
:1037500002D004480078044400F0AAF9401BA042BB
:10376000FAD370BDB00000202DE9F047044622488E
:103770000E46017E01290AD00121804601764CF2D5
:1037800050394846FFF7B2FE020003D02FE0022076
:10379000BDE8F0874FF0FF3030602068174F0128F8
:1037A00001D0A5681CE0207C6168FFF70DFE48464B
:1037B000FFF79CFE0246386820F00400386014E0F1
:1037C000217C2846FFF7AEFD4846FFF78FFE02003A
:1037D000386820F0FA00386001D0356005E06D1CD3
:1037E000D4E902100844A842EAD8FFF7C3FD00213B
:1037F00088F818101046CBE7D01A0020103C024081
:103800000348016841F0004101600020704700005A
:10381000103C02402DE9F0471B4E05461446307E11
:103820001F468946012808D0012030764CF25038D6
:103830004046FFF75BFE18B114E00220BDE8F087B8
:103840009DB1012D16D0022D19D022463B46484687
:10385000FFF7DEFD4046FFF749FE0C490A6822F0FB
:1038600001020A6000213176E8E7E1B24846FFF73D
:10387000BFFDEFE7A1B24846FFF7E0FDEAE72146CA
:103880004846FFF7EDFDE5E7D01A0020103C024066
:10389000074900200A68002A09DA054A054B0C3A54
:1038A0001360054B13600968002900DA0120704796
:1038B000103C024023016745AB89EFCD2DE9F84F5D
:1038C000DFF89C910022A9F1040B03274FF00F0CA5
:1038D00009F1040AABF1040E01250B6895402B4059
:1038E000AB426ED10C7904F00304012C01D0022C00
:1038F00015D18668540007FA04F826EA0806D1F8BC
:103900000C8008FA04F848EA0608C0F80880446801
:10391000AC430D79C5F300159540254345600C79FE
:10392000E443A40708D0C568540007FA04F6B54379
:103930008E68A6402E43C6600C7904F00304022C66
:1039400011D1D40800EB8406356A5407E40E0CFA52
:1039500004F825EA0805D1F8108008FA04F848EAC6
:103960000508C6F820800568540007FA04F6B54338
:103970000E7906F00306A6402E4306604C6814F448
:10398000403F66D0374C256845F480452560246863
:1039900022F0030504F480440094334C05EB040842
:1039A000D8F808589407260F0CFA06F4A5432F4CB4
:1039B000A04201D1002424E02D4CA04202D10124D8
:1039C0001FE046E02B4CA04201D1022419E02A4C12
:1039D000A04201D1032414E0284CA04201D10424C8
:1039E0000FE0274CA04201D105240AE0254CA0425B
:1039F00001D1062405E0244CA04201D1072400E0B7
:103A00000824B4402C43C8F80848D9F800404D4673
:103A10004E689C43F60200D51C432C60DAF8004047
:103A200055464E689C43B60200D51C432C60DBF81B
:103A300000405D464E689C43B60300D51C432C6095
:103A4000DEF8004075464E689C43F60300D51C43E3
:103A50002C60521C102AFFF43FAFBDE8F88F000025
:103A6000083C014044380240003001400000024060
:103A70000004024000080240000C02400010024016
:103A80000014024000180240001C02400069084077
:103A900000D001207047426921EA02030A4043EA4C
:103AA0000241816170470AB1816170470904FBE7F7
:103AB0000148806870470000B0000020024881681B
:103AC0000278114481607047B00000200B4810B5A7
:103AD000016841F400710160016841F48061016096
:103AE000016841F480710160032000F09FF80F200D
:103AF00000F006F800F050F8002010BD003C024035
:103B000030B505461F4887B00024016841F0100118
:103B10000160006806A900F010000590684600F0FA
:103B200031F90398A8B100F04DF940001649174A41
:103B3000B0FBF1F11648491E026040F2E732C0E9DD
:103B40000324C0E90114846100F03CFB040003D0AD
:103B500015E000F037F9E9E70D4800F061FB0400DB
:103B60000DD1362000F034F8102D07D2002229465E
:103B7000362000F03BF80748056000E0012407B05C
:103B8000204630BD4038024040420F000010004047
:103B9000C4040020B40000200C4882B0016841F445
:103BA00080410160006800F4804000900748001FD9
:103BB000016841F0805101600068002200F08050EF
:103BC00000900F21901E02B000F010B8443802405F
:103BD000002809DB00F01F0201219140400980000C
:103BE00000F1E020C0F8001170470000F0B40E4B67
:103BF0001B68C3F30223C3F10704042C00D9042477
:103C00001D1D072D01D2002300E0DB1E012606FA50
:103C100004F56D1E0D409D409E40761E164045EAFF
:103C20000601F0BC01F0AFBE0CED00E0064A00F06A
:103C3000070110684FF6FF03184040EA01200349CE
:103C400008431060704700000CED00E00000FA052A
:103C50002DE9F0470D46040065D0DFF81491D9F83E
:103C60000000EFB200F00700A84207D289F8007008
:103C7000D9F8000000F00700A84254D120683D4E5A
:103C8000810712D5400703D5306840F4E05030601A
:103C90002078000703D5306840F460403060306819
:103CA000A16820F0F000084330602078C0072DD0D4
:103CB000304960680839012812D0022813D003283F
:103CC00011D00968890700292DDA316821F0030134
:103CD00001433160FFF7ECFE804641F2883A0EE086
:103CE00009688903EFE709688901ECE7FFF7E0FE5F
:103CF000A0EB0801514502D90320BDE8F0873068E8
:103D0000616800F00C00B0EB810FEFD1D9F8001022
:103D1000484601F00701A94207D90770006800F082
:103D20000700A84201D00120E7E72078400705D529
:103D30003068E16820F4E0500843306020780007E4
:103D400006D53068216920F4604040EAC100306047
:103D500000F058F83168084AC1F30311515CC840BB
:103D60000649086006480068FFF7CAFE0020C4E75D
:103D7000003C024008380240DCE40008BC0000209F
:103D8000B40000200F2202600C4A136803F0030302
:103D90004360136803F0F0038360136803F4E05397
:103DA000C36012684FF4E05303EAD2020261044890
:103DB000006800F007000860704700000838024003
:103DC000003C02400448054900680968044AC1F300
:103DD0008221515CC8407047BC0000200838024076
:103DE000ECE400080448054900680968044AC1F386
:103DF0004231515CC8407047BC0000200838024086
:103E0000ECE40008154810B5006810F00C011448E7
:103E100013D0144B04290FD008290ED10F4C241FA6
:103E2000216801F03F022168490207D52068C0F3EC
:103E30008810A0FB030106E0184610BD2168C1F3FD
:103E40008811A1FB00010023FCF77AFB2168C1F374
:103E50000141491C4900B0FBF1F010BD0838024097
:103E60000024F40040787D012DE9F84F040075D05E
:103E70002078DFF838A3C007AAF1040548D00AF17A
:103E800004000168C1F38101012908D00068C0F372
:103E9000810002280AD1DAF80000400206D528681D
:103EA000800335D560680028E1D031E06068B0F566
:103EB000803F10D0B0F5A02F286810D020F48030BB
:103EC0002860286820F4802028606068A0B1FFF78F
:103ED000EFFD06460CE0286840F48030F4E740F43B
:103EE00080202860F7E7FFF7E3FD801B642871D886
:103EF00028688003F7D50BE0FFF7DAFD064604E0FB
:103F0000FFF7D6FD801B6428F1D828688003F7D41A
:103F10002078DFF89C9280074FF0000B3DD5A34836
:103F2000001D016811F00C0F08D00068C0F381007B
:103F300002280AD1DAF80000400206D42868800777
:103F400015D5E068012809D111E0E068B8B1012079
:103F5000C9F80000FFF7ACFD064605E022E1FFF7D7
:103F6000A7FD801B0228C2D828688007F7D52868DB
:103F7000216920F0F80040EAC10028600DE0C9F88E
:103F800000B0FFF795FD064604E0FFF791FD801BAA
:103F900002281FD828688007F7D42078000722D588
:103FA000824F84486169703771B101210160FFF768
:103FB0007FFD064604E0FFF77BFD801B022809D841
:103FC00038688007F7D50EE0C0F800B0FFF770FD45
:103FD000064605E082E0FFF76BFD801B02287DD8D6
:103FE00038688007F7D42078400765D56F484FF0D0
:103FF00000083C300068C0000BD46C483C300168BD
:1040000041F08051016000684FF0010800F08050DD
:104010000090694F3868C0050FD4386840F480704C
:104020003860FFF745FD064604E0FFF741FD801BC1
:10403000022853D83868C005F7D55C4FA0686C37A4
:1040400001280FD00528386810D020F00100386012
:10405000386820F004003860A068B0B1FFF728FD90
:1040600006460EE0386840F00100F4E740F0040036
:104070003860F7E7FFF71CFD811B41F28830814271
:1040800063D838688007F5D50DE0FFF711FD0646C7
:1040900006E0FFF70DFD811B41F28830814254D8C4
:1040A00038688007F5D4B8F1000F05D03F483C30A0
:1040B000016821F080510160A069B8B33B49091D36
:1040C0000968C1F38101022946D00228584606D06A
:1040D000C9F86000FFF7ECFC044639E035E04F46D4
:1040E000C9F86000FFF7E4FC064604E0FFF7E0FCD7
:1040F000801B022829D828688001F7D4D4E9070159
:104100000843A16A2D4A490802EB0141626A41EA6B
:104110008211084394F82C1040EA0161CAF800109B
:1041200001203866FFF7C4FC044605E03CE0FFF7D9
:10413000BFFC001B022808D828688001F7D533E0AF
:10414000FFF7B6FC001B022802D90320BDE8F88F58
:1041500028688001F4D427E00128F7D0DAF80000BD
:10416000E26900F4800191421CD1226A00F03F0113
:10417000914217D147F6C071626A0140B1EB821FCC
:1041800010D1A26A4FF0FF3300F4403103EB52022A
:10419000B1EB024F06D194F82C1000F07060B0EB38
:1041A000016F01D00120D1E70020CFE704380240A1
:1041B00000004742800E4742007000400000FFFFB1
:1041C0007047704710B5040003D094F83D0010B15B
:1041D00007E0012010BD002084F83C00204600F0DC
:1041E0001EF8022084F83D00211D206801F028F906
:1041F000012084F8460084F83E0084F83F0084F8EB
:10420000400084F8410084F8420084F8430084F8B8
:10421000440084F8450084F83D00002010BD70473C
:1042200090F83D10012901D001207047022180F84B
:104230003D100168CA6842F00102CA600068114975
:10424000884214D0B0F1804F11D00F4988420ED06F
:104250000E4988420BD00E49884208D00D49884249
:1042600005D00D49884202D00C49884204D18168AA
:1042700001F00701062903D0016841F00101016046
:10428000002070470000014000040040000800408A
:10429000000C0040000401400040014000180040B4
:1042A00070472DE9F04104460068C66805694FF083
:1042B0000007A90713D5B10711D5F91E0161012027
:1042C0002077206880698007204602D0FFF7E8FF4A
:1042D00004E000F07EF8204600F07CF827776807BD
:1042E00016D5700714D521686FF00400086102200C
:1042F00020772068806910F4407F204602D0FFF7C5
:10430000CFFF04E000F065F8204600F063F827775F
:10431000280715D5300713D521686FF0080008610C
:10432000042020772068C0698007204602D0FFF76C
:10433000B7FF04E000F04DF8204600F04BF8277777
:10434000E80616D5F00614D521686FF01000086154
:10435000082020772068C06910F4407F204602D0F2
:10436000FFF79EFF04E000F034F8204600F032F83A
:104370002777E80708D0F00706D021686FF0010022
:104380000861204600F028F8280608D5300606D532
:1043900021686FF0800008612046FFF711FF680672
:1043A00008D5700606D521686FF0400008612046E8
:1043B00000F01CF8A8060AD5B00608D521686FF0F1
:1043C000200008612046BDE8F041FFF7FABEBDE8D5
:1043D000F08170477047000000680349884201D1AE
:1043E000FFF76CBB7047000000100040704770473B
:1043F00070470000F8B5016804460868CA684B6950
:1044000010F00F0F4FF0000559D003F0010602F431
:104410009077374365D0C10705D0D10503D5616CCE
:1044200041F001016164410705D5D90703D0616CF2
:1044300041F002016164810705D5D90703D0616CA1
:1044400041F004016164010707D502F02001314306
:1044500003D0616C41F008016164616C00293AD0BD
:10446000800604D5900602D5204601F084F8206825
:104470004069616CC0F38010090700D460B3204626
:1044800001F052F820684069400621D520681430B8
:1044900050E8001F21F0400140E80012002AF5D149
:1044A000E06BA8B16E490165E06BFFF738F90028B1
:1044B00011D0E06B016D01B0BDE8F0400847830604
:1044C0000FD593060DD52046BDE8F84001F053B84E
:1044D0002046FFF78DFFF8BD2046FFF789FF656492
:1044E000F8BD266B2023012E7DD1C6067BD5D606CE
:1044F00079D508684868009048694FF00206400680
:1045000041D5E16B086840680004000CE8D0A28D3A
:104510008242E5D9E085C869B0F5807F2DD020685A
:104520000C3050E8001F21F4807140E80012002A8E
:10453000F5D12068143050E8001F21F0010140E857
:104540000012002AF5D12068143050E8001F21F035
:10455000400140E80012002AF5D184F8423025637A
:1045600020680C3050E8001F21F0100140E80012D4
:10457000002AF5D1E06BFFF789F86663A08DE18D25
:10458000401A81B22AE0A08DE18D401A81B2E08DFF
:104590000028A5D00029A3D020680C3050E8002FB7
:1045A00022F4907240E80027002FF5D120681430E3
:1045B00050E8002F22F0010240E80027002FF5D13B
:1045C00084F84230256320680C3050E8002F22F038
:1045D000100240E80023002BF5D166632046FFF768
:1045E00006FFF8BDFFE705062BD5150629D594F87B
:1045F00041002128F5D1A068B0F5805F01D1206984
:10460000B0B1206A411C2162216800784860E08CCA
:10461000401E0004000CE084E3D12068C16821F052
:104620008001C1602068C16841F04001C160D8E7E5
:10463000206A0088C0F308004860206A801C20625D
:10464000E5E74006CDD55006CBD5CA68204622F016
:104650004002CA6084F8413000F0E0F8C1E7000091
:104660001955000870B5040004D094F841000025E5
:1046700010B106E0012070BD84F84050204600F0E3
:1046800023F8242084F841002068C16821F40051F7
:10469000C160204600F0D0FF2068016921F49041FC
:1046A00001612068416921F02A0141612068C168E7
:1046B00041F40051C1606564202084F8410084F811
:1046C00042006563002070BD70472DE9F84F044635
:1046D00090F84200984615460E46202802D0022047
:1046E000BDE8F88FBEB1B5B100206064222184F826
:1046F00042102063FFF7DCF9A5858246E585A068B6
:104700004FF480574FF02009B84201D1206920B101
:104710003546002628E00120E2E7002524E0534644
:10472000002220212046CDF8008001F00BF818B1BE
:1047300084F842900320D3E725B1A068B84219D08D
:1047400038B108E020684068C0F3080026F8020B82
:1047500007E0206970B12068406800F07F0005F82C
:10476000010BE08D401EE085E08D0028D7D184F854
:104770004290B5E720684068F1E770472DE9F843BB
:10478000044690F841001F4615460E46202802D0E8
:104790000220BDE8F8838EB185B10020606421203D
:1047A00084F84100FFF784F9A5848146E584A06878
:1047B0004FF02008B0F5805F02D003E00120E8E769
:1047C000206910B1354600260EE000250CE080215E
:1047D000204600F0B7FFA0B9BDB115F8010B216864
:1047E0004860E08C401EE084E08C4B464FF00002B5
:1047F00000970028EBD14FF04001204600F0A2FFC7
:1048000040B184F841800320C3E736F8020BC0F3BF
:104810000800E4E784F841800020BAE77047FEE72B
:1048200070B586B014216846FCF7A9FA3648002115
:10483000026842F010020260026802F01002059263
:10484000026842F004020260026802F0040205926B
:10485000026842F0020202600068032500F00200D4
:1048600005904FF4C040CDE90215CDE90001274E77
:1048700069463046FFF722F8012441F61C40CDE995
:10488000000469463046CDE90245FFF717F83020AD
:104890001F4D009069462846FFF710F800941D4C04
:1048A00069462046FFF70AF8002204213046FFF748
:1048B000FAF8012208213046FFF7F5F8012210210D
:1048C0003046FFF7F0F8002210212846FFF7EBF8FA
:1048D000012220212846FFF7E6F801221146204652
:1048E000FFF7E1F8002221153046FFF7DCF801223E
:1048F000D1023046FFF7D7F8012211033046FFF707
:10490000D2F806B070BD00003038024000100240FE
:1049100000080240000402400FB470B5A4B028ADF6
:104920009DF8A3406E468C2C00D38C248C213046FD
:10493000FCF725FA224605F110013046FCF7CBF9C9
:10494000084A0020694601EB800393ED030A02EB5D
:104950008003401C83ED050A0828F4DB24B070BCFA
:104960005DF814FB280100200FB470B588B00CADC1
:104970009DF833406E461C2C00D31C241C2130466D
:10498000FCF7FDF9224605F110013046FCF7A3F9CA
:10499000DDED020A9FED0C0A0C480D4960EE800A1D
:1049A000C0ED000ADDED010A60EE800AC0ED010AEB
:1049B000DDED030A20EE800A80ED020A0120087175
:1049C00008B070BC5DF814FBE12E654228010020A0
:1049D000800000200FB470B58CB010AD9DF843403E
:1049E0006E46302C00D3302430213046FCF7C7F916
:1049F000224605F110013046FCF76DF90A489DED9D
:104A0000010A80ED130A9DED020A80ED140A9DED66
:104A1000030A80ED150A9DED040A80ED160A0CB01C
:104A200070BC5DF814FB0000280100200FB470B5C5
:104A30008CB010AD9DF843406E462E2C00D32E2432
:104A40002E213046FCF79BF9224605F11001304635
:104A5000FCF741F90D4B00206A4602EB400102EBE6
:104A60008004B1F9221000EE101A03EB8001401C03
:104A7000B8EEC00A042881ED320AA468C1F8E84003
:104A8000EBDB0CB070BC5DF814FB000028010020CB
:104A90000FB470B590B014AD9DF853406E46392CEC
:104AA00000D3392439213046FCF769F9224605F153
:104AB00010013046FCF70FF90B4B00206C4604EB5D
:104AC000800103EB80028D68956691ED060A401C1B
:104AD00082ED220A91ED0A0A042882ED2A0AEEDB11
:104AE00010B070BC5DF814FB280100200FB470B545
:104AF0002DED068B8EB018AD6E469DF863409FED90
:104B0000389B342C00D3342434213046FCF737F959
:104B1000224605F110013046FCF7DDF89DED020A52
:104B2000DFED31AA9DED03AAF8EEC00A80EEAA0AD5
:104B300010EE100A08F0F4FAF8EECA0A2B4D41EC18
:104B4000180B80EEAA0A85ED108B10EE100A08F003
:104B5000E7FA41EC130B264C85ED0E3B0020E17883
:104B600021B1E07084ED068B84ED083B0121617179
:104B7000A178227811422DD02070B0EE482AF0EEB4
:104B8000682A94ED081B94ED060B03F0F5F8B0EEDF
:104B9000408AF0EE608A9FED170B51EC180B53EC36
:104BA000102B08F06BF803D2B0EE498AF0EE698A58
:104BB00095ED100B53EC182B84ED060B95ED0E0BB9
:104BC00084ED080B94ED040B51EC100B07F02CFC5A
:104BD000C4E904010EB0BDEC068B70BC5DF814FB9B
:104BE00000000000000000008096184B2801002003
:104BF000800000200000000000408F400FB4FEB590
:104C000008AD9DF823406E46092C00D309240921E4
:104C10003046FCF7B4F8224605F110013046FCF7A7
:104C20005AF804499DF80600887103F097FDFEBC10
:104C30005DF814FB800000200FB470B588B00CAD97
:104C40009DF833406E461C2C00D31C241C2130469A
:104C5000FCF795F8224605F110013046FCF73BF8C9
:104C60009DED030A0A48B1EE400A80ED120A9DED5F
:104C7000040A80ED170A9DED050A80ED180A9DEDE6
:104C8000060A80ED190A08B070BC5DF814FB00003C
:104C9000280100200FB470B58CB010AD9DF84340D2
:104CA0006E462A2C00D32A242A213046FCF767F8C6
:104CB000224605F110013046FCF70DF8BDF816004C
:104CC00000EE100A1048B8EE400A80ED420ABDF826
:104CD000181000EE101AB8EE400A80ED450ABDF833
:104CE0001A1000EE101AB8EE400A80ED430ABDF823
:104CF0001C1000EE101AB8EE400A80ED440A0CB009
:104D000070BC5DF814FB00002801002010B59CB0B9
:104D10001C2216496846FBF7DEFF0021684605F0B5
:104D20002BF9134C11491C2220601C3107A8FBF7FA
:104D3000D2FF002107A805F01FF90C4960601C2272
:104D400038310EA8FBF7C7FF00210EA805F014F9B3
:104D50000649A0601C22543115A8FBF7BCFF0021B6
:104D600015A805F009F9E0601CB010BD98D3000843
:104D70000400002010B51C4886B00024016841F0F2
:104D800010010160006800F010000590164814380A
:104D9000016841F0010101600068142100F0010088
:104DA00005906846FBF7EBFF4FF4C06000900220CF
:104DB000CDE90104032003900720049069460B48C5
:104DC000FEF77CFD0B480A4901604FF4E131C0E970
:104DD00001140C21C460C0E904418461C461FFF77F
:104DE00041FC06B010BD0000443802400000024003
:104DF00000100140F40B002070B5224886B0002559
:104E0000016841F400310160006800F40030059051
:104E10001C481038016841F001010160006814214C
:104E200000F0010005906846FBF7A9FF0C26022060
:104E30000096CDE901050320039007200490694600
:104E40001148FEF73BFD124C104820604FF4E13052
:104E5000C4E90105E560C4E90456A5612046E561A1
:104E6000FFF700FC2068C16841F02001C16000220A
:104E700005212620FEF7BAFE2620FEF7A9FE06B081
:104E800070BD000040380240000002400044004075
:104E90003C0C002030B587B014216846FBF76FFF4B
:104EA00024480025016841F480210160006800F475
:104EB000802005901F481038016841F0080101600A
:104EC0000068694600F0080005904FF440700090BB
:104ED0000220CDE901050320039007200490164825
:104EE000FEF7ECFC164C154820604FF4E130C4E9A5
:104EF00001050C20E560C4E90450A5612046E56188
:104F0000FFF7B0FB2068C16841F02001C160206854
:104F1000C16841F01001C1602068016840680590D7
:104F2000002201212720FEF761FE2720FEF750FE18
:104F300007B030BD40380240000C0240004800403D
:104F40006C0B0020FEE7FEE770B5474C01281DD032
:104F5000022846D0032872D10A004FF480614FF432
:104F600000654FF4805668D0012A6BD0022A74D0B5
:104F7000032A78D101222046FEF795FD0122294619
:104F80002046FEF790FD0022314628E0012913D08B
:104F9000022918D0032966D1012204212046FEF7F8
:104FA00082FD012208212046FEF77DFD2046BDE856
:104FB00070401021FEF76FBD002204212046FEF74D
:104FC00072FD012205E0012204212046FEF76BFD5F
:104FD000002208212046FEF766FD0122102120460E
:104FE00027E0224C224D01290FD0022914D0032999
:104FF00039D1012210212046FEF755FD0122202142
:105000002046FEF750FD002211E00022102120462C
:10501000FEF749FD012205E0012210212046FEF79E
:1050200042FD002220212046FEF73DFD0122012104
:105030002846BDE87040FEF736BD012203E012E0CD
:1050400000E00AE000222046FEF72DFD012229465D
:105050002046FEF728FD012296E701222046FEF7B2
:1050600022FD0022F3E770BD00100240000802405C
:105070000004024008B503F0B4F8DFF870801C4F5C
:105080001C4E0025009098F8001049B388F8005095
:1050900039783846312902D0322912D01AE04178C5
:1050A0002C2917D1B81C02F085FD040005D003F0AF
:1050B000ADF9204602F01EFD0CE00FA0FBF7D6FA7A
:1050C00008E041782C2905D13188B81C891E89B2A5
:1050D00005F0B4FC40F2DC5105483560FBF72DFECD
:1050E0000A21684606F0D2FECDE70000300000201D
:1050F0000C05002034000020634A534F4E5F50617E
:10510000727365206661696C65640D0A00000000B9
:1051100008B503F066F8009006F07CF905216846B2
:1051200006F0B4FEF8E70000CEB003F05AF8194CD0
:10513000DFF850800025144E144F4FF00109DFF8BE
:1051400050A004F1080B4C9003F0D2FA98F800003C
:1051500090B13078397808420ED035703D708AF8B9
:1051600000904FF4987259466846FBF7B4FDD4E9B5
:105170000023094803F016F94FF47A714CA806F0A1
:1051800085FEE1E7820000208500002084000020E9
:1051900080000020280100201400002040F2093087
:1051A000464D484C00212860454841F28836C4E904
:1051B00000010AE044A0FBF759FA05F027FF30464A
:1051C00004F0CEFE28680028F4D0D4E9000108439A
:1051D000F0D005F01BFF02210120FFF7B5FED4E956
:1051E00000233EA02968FBF741FA444F444DDFF805
:1051F00014814FF400594FF47A7A49463846FEF745
:1052000045FC012803D108213846FEF744FC2878E4
:1052100088B106F0DFF8287868B13B4802F0DFFF7C
:1052200001463AA0FBF722FA374802F0D8FF0528DA
:1052300001D306F051F904F02FFA98F8000029780C
:105240004646884336D0304802F0C9FF052805D3CA
:1052500033A0FBF70BFA06F03FF92BE03078297802
:10526000884327D0284802F0BAFF052822D231A06F
:10527000FBF7FCF90024347002F0E2FE4FF4FA660A
:10528000304604F06DFE02F0DBFE304604F068FEAE
:105290002F489FED2D0B80ED000B2E4804602E480B
:1052A00004602E480470184802F056FD02210120C7
:1052B000FFF74AFE504604F053FE9EE750000020E0
:1052C0006C29DA685800002073656E64207265618D
:1052D0006479207461736B0D0A00000069642069B1
:1052E00073202564202074696D657374616D70206E
:1052F000697320256C6C640D0A00000000100240E8
:105300008200002081000020140000207175657566
:10531000652073697A652069732025640D0A000091
:1053200073656E64206865617020747261636B0DD3
:105330000A00000073656E64207461736B206669F7
:105340006E6973680D0A0000000000000000000094
:105350009000002048000020440000204100002070
:1053600010B5502080F31188BFF34F8FBFF36F8FBC
:1053700006F028FF18B104494FF080500860002063
:1053800080F3118810BD000004ED00E030B593B04B
:1053900030216846FBF7F3FC14210CA8FBF7EFFC67
:1053A0001E480025016841F080510160006800F04E
:1053B000805011901A48016841F4804101600068F2
:1053C000022400F48040119001200090000401901C
:1053D0008001CDE90640192008904FF4A870CDE96E
:1053E000090407200B906846FEF73EFD08B172B62F
:1053F000FEE70CA90F2081E831004FF4A0500F9078
:105400004FF48050109005210CA8FEF721FC0028D5
:1054100001D072B6FEE713B030BD00004038024044
:10542000007000400248016841F47001016070475B
:1054300088ED00E00148FEF734BF0000C4040020FE
:10544000F0B50268294D2A4E2A4FDFF8ACC02B4B2D
:105450004FF0804EA84209D0704507D0B04205D029
:10546000B84203D0604501D0984203D122F07004C5
:105470004A682243A8421BD0704519D0B04217D0C9
:10548000B84215D0604513D0984211D01C4CA042B0
:105490000ED01C4CA0420BD01B4CA04208D01B4C81
:1054A000A04205D01A4CA04202D01A4CA04203D10F
:1054B00022F44074CA6822434C6922F080022243DD
:1054C00002608A68C2620A688262A84201D0984279
:1054D00001D109690163012141610169C90703D053
:1054E000016921F001010161F0BD000000000140EF
:1054F0000004004000080040000C0040000401408F
:1055000000400140004401400048014000180040B4
:10551000001C00400020004010B5806B0021C185B8
:10552000C184FEF765FF10BD01680C3151E8002F02
:1055300022F4907241E80023002BF5D10168143168
:1055400051E8002F22F0010241E80023002BF5D1A1
:10555000016B012909D101680C3151E8002F22F0BB
:10556000100241E80023002BF5D1202180F84210E1
:1055700000210163704708B590F84210222901D03C
:10558000022008BD81684FF48053994201D102691D
:1055900022B1826A99421BD049B10AE00268816A4D
:1055A0005268C2F308020A80816A891C08E0016916
:1055B00071B10168496801F07F011170816A491C6D
:1055C0008162C18D491E0904090CC18503D01BE00D
:1055D00001684968F1E70168CA6822F02002CA60E0
:1055E0000168CA6822F48072CA6001684A6922F0C0
:1055F00001024A61202180F8421000214163026BC0
:10560000012A03D0FFF7B9F8002008BD0163016843
:105610000C3151E8002F22F0100241E80023002B4A
:10562000F5D101680A68D20602D50A684968009176
:10563000818DFEF7DCFEE7E770B50446006801697E
:10564000E26821F4405111430161A1682069E269D7
:1056500001436069104301432068C26849F20C634A
:105660009A430A43C26020684169A26921F44071EB
:105670001143416131492068884202D03049884253
:1056800002D1FEF7AFFB01E0FEF79CFBE2690023CD
:10569000192164253226B2F5004F626828D0A0FB9C
:1056A0000101930F9200FAF74BFF0146B0FBF5F0B2
:1056B0006FF01802504301EB800006EB0010B0FBC6
:1056C000F5F000F0F002B1FBF5F002EB0012B1FBD7
:1056D000F5F06FF01803584301EB800006EB001063
:1056E000B0FBF5F000F00F0021681044886070BD39
:1056F000A0FB010192185B41FAF722FF0146B0FBC3
:10570000F5F00201B1FBF5F06FF01803584301EB1F
:10571000800006EBC000B0FBF5F000F0F80002EBF3
:105720004002B1FBF5F0584301EB800006EBC000EE
:10573000B0FBF5F000F00700D6E7000000100140D4
:10574000001401402DE9F8431F4690460D460446DB
:10575000089E23E0701C21D0FEF7AAF9C01BB042BE
:105760001AD8CEB12068C168490717D5802D15D049
:10577000402D13D00168C94309070FD401680025E3
:10578000406800902046FFF7CFFE0820606484F850
:1057900040500120BDE8F8830320FBE72068006843
:1057A00035EA000004D000204045D3D00020F1E7C6
:1057B0000120F9E70148FEF71DBE0000F40B0020B0
:1057C000094808B500680068C04380060BD44FF450
:1057D0007A73012269460448FEF777FF9DF80010AE
:1057E000024802F01AFC08BD3C0C0020B00D00205D
:1057F0000A4601464FF47A730148FEF7BFBF000026
:105800003C0C00207CB5314E00218DF80010306832
:105810000268D243120704D4026842680192026807
:1058200042680068294CC043294D8006A4F18404D5
:1058300038D468784FF47A7390B1686840F2DC52DB
:10584000904200D36960012269462048FEF73DFF7F
:10585000204A68689DF800101154401C686021E0DF
:10586000012269461948FEF730FFB4F880004FF472
:105870000032C0F30E017F2903D29DF8000060546E
:1058800008E06FF30E00A4F88000C0F30E009DF84E
:1058900000102154B4F8800002EBF0304FEA704061
:1058A000A4F8800030680168C943C9060CD469783F
:1058B00011B10121297004E034F8801F41F4004146
:1058C00021800168406801907CBD00006C0B0020C5
:1058D000300000200C0500200A4601464FF47A7380
:1058E0000148FEF74BBF00006C0B00200FB40C48C2
:1058F00010B503AA0299FAF7A7FE0948FBF730F999
:10590000074982B24FF47A73A1F14800FEF736FFDF
:1059100040210348FBF733FA10BC5DF814FB00008C
:10592000B40B00200448B0F88000000401D5024800
:105930007047002070470000E80A0020044931F851
:10594000800F6FF30F00088080210148FBF7F5B945
:10595000E80A0020FEE703B401984100009850EAED
:10596000C12018BF04204A0D18BF40F0010040F2CA
:10597000FF72B2EB515F08BF40F00200012808BF80
:10598000052002B070470907090E002804DB00F16A
:10599000E02080F80014704700F00F0000F1E020D4
:1059A00080F8141D7047000030B52DED048B81B0D8
:1059B000B0EE408AF0EE608A6A4651EC180B02F0B5
:1059C000C3FB00989FED329B7E300090002821DCC5
:1059D00053EC192B51EC180B06F03AFF1AD00021AA
:1059E00040F608004FF00000044651EC180B06F09A
:1059F000E9FC08EE100A40F6080004EA00014FF046
:105A00000000B5EEC08AF1EE10FA04BF0220FBF7E9
:105A1000C5FA2DE00098FF2830DB002108464FF042
:105A2000000000F4400553EC192B51EC180B07F063
:105A300025F98CBF002401240220FBF7AFFA9FED6B
:105A4000168A4DB1002C0CBF4FF400004FF48000BB
:105A5000A84218BF9FED118A042108464FF00000AC
:105A6000002C01BFB1EE480A01B0BDEC048B30BD83
:105A7000B0EE480A01B0BDEC048B30BD51EC180B00
:105A800006F0A0FC01B000EE100ABDEC048B30BDA6
:105A900000000000000000000000807FFFFF7F7F0B
:105AA00070B59B482DED020B2DED068B079D25F063
:105AB0000044A04218DC9748844202DC0AD10698D0
:105AC00040B19DED060BBDEC068B02B0BDE8704009
:105AD00001F06EBE002DCCBF9FED8F0B9FED900BA4
:105AE000BDEC068B02B070BD8F48A04215DD8F481B
:105AF000A042D8BF4FF0FF3458DD9DED060B51ECAE
:105B0000100BFFF728FF042808BF01F085FE9DED6C
:105B1000060BBDEC068B02B070BD9DED060B51EC83
:105B2000100B02F040FACDE9060181489FED828B0F
:105B3000A0423CDD8248A0421FDD00249FED82ABE5
:105B40009DED060B53EC1A2B51EC100B06F06CFC80
:105B50009DED060B41EC190B53EC1A2B51EC100B7D
:105B600006F08EFF53EC182B07F0F0F953EC192BCD
:105B700006F016FDCDE9060149E09DED060B012476
:105B800053EC182B51EC100B06F04EFC9DED060B60
:105B900041EC190B53EC182B51EC100B07F0D6F914
:105BA00053EC192B06F0FCFCCDE906012FE0684808
:105BB000A0421FDD02249FED689B9DED060B53EC78
:105BC000192B51EC100B06F05BFF53EC182B06F071
:105BD0002BFC9DED060B41EC180B53EC192B51ECF3
:105BE000100B07F0B3F953EC182B06F0D9FCCDE9F4
:105BF00006010CE09DED060B032453EC102B9FEDEA
:105C0000580B51EC100B06F0CBFCCDE906019DEDD5
:105C1000060B53EC102B51EC100B06F031FF41EC4E
:105C2000180B53EC182B06F02BFF41EC190B4E48C8
:105C30000621B0EE490AF0EE690A784401F08CFCC6
:105C400053EC182B51EC100B06F01AFF41EC180B1B
:105C50004648B0EE490AF0EE690A0521784401F0A1
:105C60007BFC53EC192B51EC100B06F009FF41ECB7
:105C7000100B51EC180B53EC102B002C0EDA06F025
:105C8000D3FB9DED061B53EC112B06F0F9FE9DEDA9
:105C9000061B53EC112B07F081F835E006F0C4FB2E
:105CA0009DED061B53EC112B06F0EAFE41EC100BA8
:105CB0002F48784400EBC40090ED001B51EC100B12
:105CC00053EC112B07F042F99DED061B53EC112B01
:105CD00007F03CF941EC100B2648784400EBC40077
:105CE00090ED001B51EC100B53EC112B07F056F804
:105CF00041EC100B002DA2BFBDEC068B02B070BDB5
:105D000051EC100B06F052FB41EC100B01E70000C8
:105D1000000010440000F07F182D4454FB21F93F8F
:105D2000182D4454FB21F9BF0000DC3F0000203E49
:105D30000000F33F00000000000000000000F03F02
:105D40000000E63F000000000000000000000040EE
:105D50000080034000000000000000000000F83F49
:105D6000000000000000F0BFEA890000A0890000E8
:105D70002A890000E288000070B56F4E2DED040BFB
:105D80002DED048B82B0DDF824C0DDE907235C42F1
:105D90002CF000411C4341EAD474069D22F00040DF
:105DA000B44205D86C422C4340EAD474B4420BD9B7
:105DB0009DED081B9DED060B02B0BDEC048B04B0FD
:105DC000BDE8704001F0FEBCACF14054A4F17F642A
:105DD0001C430BD0022404EAAC7444EAD274054399
:105DE0009FED578B9FED582B07D015E09DED060BCF
:105DF00051EC100B01F090FD42E0002C11BF012C82
:105E00009DED060B02B0BDEC048B04BF04B070BD69
:105E1000022C38D0032C3BD00B439FED4D1B9FED44
:105E20004E0B0AD0B14218D1B04209D121F08041C5
:105E300020F08040099107900FE0002A15DA10E069
:105E4000474B7B44002C08BF93ED000B0DD0012C79
:105E500010D0022C17D0032C1AD0B0421DD1002A2A
:105E600003DAB0EE410AF0EE610A02B0BDEC048B39
:105E700004B070BD93ED000B51EC100B06F096FAD8
:105E800041EC100BF1E7B0EE480AF0EE680AECE7DF
:105E9000B0EE420AF0EE620AE7E7401A00159FED05
:105EA000329B3C28C8BF8DED000B17DCBCF1000F06
:105EB000BCBF10F13C0F8DED009B0FDB9DED080B7F
:105EC00053EC102B9DED060B51EC100B06F068FB0C
:105ED00002F069F801F020FDCDE90001B4B1012C18
:105EE00010D0022C9FED220B53EC102B9DED000BDC
:105EF00051EC100B19D007F029F853EC182B07F0D0
:105F000025F8BDE7019880F0004001909DED000B61
:105F100053EC192B51EC100B06F09AFC04BF022035
:105F2000FBF73CF89DED000B9FE707F00FF853ECF3
:105F3000182B06F033FFA3E70000F07F00000000FD
:105F4000182D4454FB210940182D4454FB2109C04D
:105F5000182D4454FB21F9BF182D4454FB21F93F5F
:105F60004288000000000000000000000000000067
:105F7000075C143326A6A13C10B52F499FED2C1BBE
:105F80002DED020B84B0059820F000408842D8BF68
:105F90009DED040B2DDD2949884209D1049840B9B3
:105FA0004FF00100FAF7FAFF01F016FC06B010BD41
:105FB00005DB9DED040B01F0FBFB06B010BD684650
:105FC0009DED040B00F0F4FF10F0030004BF9DED05
:105FD000021B9DED000B0CD001280ED09DED021B85
:105FE0009DED000B022817D0012001F031FB06B017
:105FF00010BD01F0F9F906B010BD9DED021B9DED3D
:10600000000B012001F024FB51EC100B06F0CEF93F
:1060100006B041EC100B10BD01F0E6F951EC100B8D
:1060200006F0C4F906B041EC100B10BD00000000F2
:106030000000000000000000FB21E93F0000F07FAD
:1060400030B540F2FF742DED048BF0EE608A18EE4F
:10605000901A85B0B0EE408A9FED2B9B05468DEDE2
:10606000008B34EA115147D053EC192B51EC180B2B
:1060700006F0EEFB40D02A4651EC180B07F040F931
:1060800041EC180B18EE900A8DED008B34EA10509D
:106090001CD053EC192B51EC180B06F0D9FB2BD16B
:1060A0000220FAF77BFF01F0B7FB10EE901A18EE12
:1060B000900A8DED020B8DED008B61F31E000390B5
:1060C0009DED020B05B0BDEC048B30BD0220FAF74C
:1060D00065FF01F091FB10EE901A18EE900A8DED1D
:1060E000020B8DED008B61F31E0003909DED020B02
:1060F00005B0BDEC048B30BD05B0B0EE480AF0EE43
:10610000680ABDEC048B30BD0000000000000000F8
:106110002DE9F04D2DED040B2DED0E8B96B0DDE944
:106120002550279CDDF890A025F0004624F000487B
:10613000BAF1000F14BF0121002101EB4502FC4917
:1061400053184A1093422AD3002814BF0123002376
:1061500003EB44030B44F7498B4220D358EA000178
:106160009FEDF59B76D0DFF8D8B35D4503D1BAF14A
:10617000000F05D188E0BAF1000F08BF002100D060
:10618000012101EB450111F5001F08D8002814BFBB
:106190000121002101EB440111F5001F0BD99DEDF8
:1061A000261B9DED240B16B0BDEC0E8B04B0BDE894
:1061B000F04D01F007BB0027002DBCBFE149884529
:1061C00021DAE1498845A8BF02271CDAC3451ADC59
:1061D000DE4901EB2851142908DDC1F1340220FA0F
:1061E00002F101FA02F282420DD108E058B9C1F180
:1061F000140228FA02F101FA02F2424503D101F039
:106200000101C1F1020756EA0A0124D1002C22DA69
:10621000002D18BF022F01D0012F0AD00220FAF75B
:10622000BDFE16B0BDEC0E8B04B0BDE8F04D01F024
:10623000A7BA0220FAF7B2FE01F0A2FA51EC100B55
:1062400006F0B4F841EC100B16B0BDEC0E8B04B0A8
:10625000BDE8F08D18E09FEDBEAB9FEDBF8B002831
:1062600071D1B848804522D105F1804010F58010E9
:1062700008BFBAF1000F07D0B3450ADC002CA8BF55
:106280009DED260BE0DA0DE0B0EE490AF0EE690A6A
:10629000DAE7002C06DA9DED260B51EC100B06F028
:1062A00085F86FE0AE48784490ED000BCCE7D84518
:1062B0004DD1002C48DA2EB186423AD1BAF1000F06
:1062C00042D126E0BAF1000F13D00220FAF766FEA1
:1062D00001F092FA8DED020B9DED240B8DED000B7C
:1062E00010EE900A039961F31E0003909DED020BDE
:1062F000AAE78DED02AB9DED240B1AEE901A10EE7D
:10630000900A8DED000B61F31E0003909DED020BD2
:106310009AE78DED028B9DED240B18EE901A10EE8E
:10632000900A8DED000B61F31E0003909DED020BB2
:106330008AE709DA9DED240B51EC190B53EC102B75
:1063400006F02EF91EE020E09DED240B7CE786424E
:106350001BDAB4F1804F0DD0A4F10050B0F1FF5022
:1063600013D1002D11DB9DED240B51EC100B04F02B
:1063700072FF07E09DED240B53EC102B51EC100B3A
:1063800000F0C2BC41EC100B5EE79DED240B51EC1C
:10639000100B01F008FEBAF1000FCDE90E0142D159
:1063A0009FED710B46B3A6F1E040B0F17F600CD0D9
:1063B0005E4538D1002D00DAA7B3022F0CBF0120B3
:1063C0004FF0FF3006F0AFFADCE7002D01DD002CC6
:1063D0000DDA002D01DD002C1FDB002D16DA002C5C
:1063E00014DB012F08BF9FED620B3FF42DAFB0EE21
:1063F0004A0AF0EE6A0A27E7022F18BF002D0CD0D8
:10640000012F0AD1002DFFF61FAF06E0002DB8BF07
:10641000002C08DA012F3FF417AFB0EE480AF0EE77
:10642000680A11E71BE0012000EBE57050EA070164
:1064300015D0791EB0EE498AF0EE698A084308BF8C
:106440009FED4D8B4E480025804570DD4D494E48EF
:10645000884514DDB0420DDB002C19DB2FE0012054
:10646000FAF79CFD16B0BDEC0E8B04B0BDE8F04D04
:1064700001F0B2B9B34502DC002C09DC1FE0864212
:1064800002DA002C1BDA03E05E452BDD002C16DD62
:106490000220FAF783FD01F0AFF98DED020B53EC0A
:1064A0001A2B51EC180B06F0EBFACDE90001039919
:1064B000019861F31E0003909DED020BC4E60220DB
:1064C000FAF76CFD01F0A8F910EE901A18EE900A98
:1064D0008DED020B8DED008B61F31E0003909DEDA1
:1064E000020BB1E69DED0E0B53EC192B51EC100B8A
:1064F00006F02CFD9FED260BCDE9080153EC102B87
:106500009DED080B51EC100B06F0BAFA9FED221B23
:1065100053EC112B06F042FC9DED081B53EC112BA4
:1065200006F0AEFA9FED1E1B53EC112B3CE08CE005
:10653000FFFF1F00FFFF0F00000000000000F03F02
:106540000000F03F0000F07F0000404301FCFFFF2F
:10655000000000000000F07F0000000000000000CC
:10656000DE8300000000000000000000000000804A
:10657000000000000000F0FF000000000000F0BF7D
:106580000000E0410000F043FFFFEF3F000000008B
:10659000000000000000D03F555555555555D53FDA
:1065A000000000000000E03F06F0F8FB9DED080B46
:1065B00041EC1A0B53EC102B51EC100B06F060FA67
:1065C00053EC1A2B06F05CFA41EC1A0B9FEDFE0B14
:1065D00053EC102B9DED080B51EC100B06F050FA0C
:1065E00041EC1B0B9FEDFA0B51EC1A0B53EC102BEB
:1065F00006F046FA41EC1A0B9FEDF70B53EC102B0B
:106600009DED080B51EC100B06F03AFA53EC1A2BE7
:1066100006F09CFC41EC1A0B51EC1B0B53EC1A2BB3
:1066200005F002FF0690CDE906519DED060B53ECF7
:106630001B2B51EC100B06F089FC53EC1A2B06F0C7
:10664000ADFB41EC100B00F0A1B90020B6F5801FA6
:106650000EDA9FEDE30B53EC102B9DED0E0B51EC7E
:10666000100B06F00DFACDE90E016FF034000E4666
:1066700000EB2650A0F2FF37C6F31300DA4940F0D2
:106680007F6646F040568842D8BF002408DDD749CF
:106690008142C8BF012403DC0024A6F580167F1CBC
:1066A000D348784400EBC4000F9690ED00CB9DEDED
:1066B0000E0B53EC1C2B51EC100B06F047FC9DED20
:1066C0000E0B41EC1B0B53EC1C2B51EC100B05F08B
:1066D000ABFE41EC100B51EC190B53EC102B05F0F9
:1066E0005FFF41EC1D0B51EC1B0B53EC1D2B06F017
:1066F000C7F941EC1A0BBF488DED10AB78441095EB
:1067000090ED000B4FF0005040EA660000EB844033
:106710008DED080B00F5002009909DED080B53EC62
:106720001C2B51EC100B06F011FC9DED0E1B53ECD5
:10673000112B06F033FB41EC100B53EC102B9DEDAD
:10674000100B51EC100B06F09BF99DED080B41EC82
:106750001C0B53EC102B9DED100B51EC100B06F0A5
:106760008FF953EC1B2B06F019FB53EC1C2B06F096
:10677000EDFB53EC1D2B06F083F941EC1C0B53ECA5
:106780001A2B51EC1A0B06F07BF941EC1B0B9A48C3
:106790000621B0EE4B0AF0EE6B0A784400F0DCFE06
:1067A000B0EE401AF0EE601AB0EE41DAF0EE61DAC7
:1067B00053EC1B2B51EC1B0B06F062F953EC1D2B19
:1067C00006F05EF99DED100B41EC1B0B53EC1A2B00
:1067D00051EC100B05F028FE53EC1C2B06F050F981
:1067E00053EC1B2B05F020FE9DED100B41EC1B0B19
:1067F00053EC102B51EC100B06F042F941EC1D0B41
:106800009FED7FEB53EC1E2B05F00EFE53EC1B2B84
:1068100005F00AFE0890CDE908519DED080B53ECF8
:106820001E2B51EC100B06F091FB53EC1D2B06F0C8
:106830008DFB53EC1B2B06F0B1FA9DED080B41ECE0
:106840001D0B53EC102B9DED100B51EC100B06F0B3
:1068500017F941EC1B0B53EC1A2B51EC1D0B06F0F6
:106860000FF99DED080B41EC1A0B53EC102B51EC7A
:106870001C0B06F005F953EC1A2B05F0D5FD41EC85
:106880001A0B51EC1B0B53EC1A2B05F0CDFD0C90A1
:10689000CDE90C519DED0C0B53EC1B2B51EC100B67
:1068A00006F054FB53EC1A2B06F078FA41EC1B0B64
:1068B0009FED550B53EC102B9DED0C0B51EC100B79
:1068C00006F0DEF841EC1A0B9FED510B51EC1B0B5F
:1068D00053EC102B06F0D4F841EC1B0B9FED4E0B44
:1068E00053EC102B9DED0C0B51EC100B06F0C8F87F
:1068F00053EC1B2B05F098FD41EC100B48487844F5
:1069000000EBC40090ED001B51EC100B53EC112B6D
:1069100005F08AFD41EC1B0B384606F004F8CDE982
:10692000080153EC1B2B51EC1A0B05F07DFD41ECDB
:10693000100B3C48784400EBC40090ED00CB51ECC8
:10694000100B53EC1C2B05F06FFD9DED081B53EC59
:10695000112B05F069FD0690CDE906519DED080B60
:1069600053EC102B9DED060B51EC100B06F0EEFADC
:1069700053EC1C2B06F0EAFA53EC1A2B06F0E6FA5D
:1069800053EC1B2B06F00AFA41EC100B9DED261B75
:1069900053EC102B8DED001B00959DED260B51EC5B
:1069A000100B06F06DF89DED000B41EC1A0B53EC4B
:1069B000102B9DED260B51EC100B06F0C7FA9DED48
:1069C000061B53EC112B2FE0000000604715F73F2A
:1069D000FE822B654715F73F44DF5DF80BAE543E52
:1069E00000000000000040438E9803007AB60B00C0
:1069F0008A7E0000887F0000C27D00000000000049
:106A00000000000000000840000000E009C7EE3F61
:106A1000FD033ADC09C7EE3FF5015B14E02F3EBEF3
:106A20004E7C0000087C000006F02AF853EC1A2B7C
:106A300005F0FAFC9DED060B41EC1A0B53EC102B04
:106A40009DED000B51EC100B06F01AF8CDE90C018E
:106A50009DED0C0B51EC1A0B53EC102B05F0E4FCE4
:106A6000CDE902010C46AA498C422FDB611A08438A
:106A700018D19DED0C0B53EC102B9DED020B51EC3E
:106A8000100B06F063FA41EC1B0B9FEDA30B51ECCE
:106A90001A0B53EC102B05F0C7FC53EC1B2B06F024
:106AA000EDF82DD20220FAF779FA00F0A5FE10EEEB
:106AB000901A18EE900A8DED020B8DED008B61F3AC
:106AC0001E0003909DED020BFFF7BEBB944A24F01D
:106AD0000041914214D39349214408437FF4EFAC21
:106AE0009DED0C0B53EC102B9DED020B51EC100B9C
:106AF00006F02CFA53EC1A2B06F0C0F87FF6DFAC48
:106B000024F000408849894A002601EB2051824246
:106B10002BDA481C4FF4801121FA00F02044844AFB
:106B2000C0F30A517A44A1F2FF3192ED000B814A81
:106B30008DED080BCA4020EA0202C0F3130040F4B6
:106B40008010C1F1140120FA01F60992002CB8BF9F
:106B500076429DED080B53EC102B9DED0C0B51EC88
:106B6000100B06F0F3F9CDE90C019DED0C0B51EC87
:106B70001A0B53EC102B05F057FC9FED6F0B089090
:106B8000CDE9085153EC102B9DED080B51EC100B87
:106B900005F076FF41EC1B0B9FED690B53EC102BBE
:106BA0009DED080B51EC100B05F06AFF9DED0C0BF1
:106BB00041EC1C0B53EC102B9DED080B51EC100B12
:106BC00006F0C4F953EC1A2B06F0E8F89FED5E1BB3
:106BD00053EC112B05F054FF53EC1C2B05F024FC57
:106BE00041EC1A0B51EC1B0B53EC1A2B05F01CFC5F
:106BF000CDE902019DED020B53EC1B2B51EC100B68
:106C000006F0A4F953EC1A2B06F0C8F89DED020B20
:106C100041EC1A0B53EC102B51EC100B05F030FF2C
:106C2000CDE908014A489DED080B0521784400F0A4
:106C300093FC9DED081B51EC100B53EC112B05F050
:106C40001FFF9DED021B53EC112B06F0A7F8CDE9B9
:106C500006019DED020B53EC1A2B51EC100B05F0C5
:106C60000FFF53EC1A2B05F0DFFB9FED3B0B41ECC4
:106C70001A0B53EC102B9DED060B51EC100B06F08C
:106C800065F99DED060B41EC1B0B53EC102B9DEDB4
:106C9000020B51EC100B05F0F3FE53EC1B2B05F02F
:106CA0007FFC53EC1A2B06F051F99DED021B53ECBF
:106CB000112B06F04BF953EC192B06F06FF8CDE9C8
:106CC000020101EB065001150029C8BF039015DC35
:106CD0009DED020B324651EC100B06F011FBFEF756
:106CE0003AFE042808BF00F097FD32469DED020BE6
:106CF00051EC100B06F004FBCDE902019DED020BF7
:106D000051EC180B53EC102B05F0BAFEFFF73ABB11
:106D10000000904000000000FE822B654715973C64
:106D200000CC904000346F3F01FCFFFF0000E03FCB
:106D3000607B0000FFFF0F0000000000432EE63FD5
:106D4000396CA80C615C20BEEF39FAFE422EE63F9A
:106D5000607900000000000000000000000000401A
:106D600010B52DED020B2DED088B84B09DED0C0BB5
:106D700051EC100B05F0B8FF41EC180B9DED0C0B1E
:106D800053EC182B51EC100B06F0E0F841EC190B0A
:106D90000D989FED290B10F0004F53EC102B51EC88
:106DA000190B9FED21AB9FED22BB0ED005F02CFE01
:106DB0000ED953EC1B2B51EC190B05F05FFF1CD2C5
:106DC00014E000BF41EC180B17E005F01DFE06D2E1
:106DD00053EC1A2B51EC180B06F0B8F8F2E753EC11
:106DE0001B2B51EC190B05F049FF06D853EC1A2B5D
:106DF00051EC180B05F018FBE4E78DED028B9DEDCF
:106E00000C0B18EE901A10EE900A8DED000B61F34A
:106E10001E0003909DED020B04B0BDEC088B02B088
:106E200010BD000000000000000000000000F03F66
:106E3000000000000000E03F000000000000E0BF94
:106E400010B52F499FED2C1B2DED020B84B005983A
:106E500020F000408842DCBF00209DED040B32DDB5
:106E60002849884209D1049840B94FF00100FAF747
:106E700095F800F0B1FC06B010BD05DB9DED040BEC
:106E800000F096FC06B010BD68469DED040B00F0C6
:106E90008FF810F0030011D0012818D09DED021BCF
:106EA0009DED000B02281AD000F09EFA51EC100B59
:106EB00005F07CFA06B041EC100B10BD9DED021BF5
:106EC0009DED000B012000F0C3FB06B010BD9DED51
:106ED000021B9DED000B00F087FA06B010BD0120EB
:106EE00000F0B6FB51EC100B05F060FA06B041EC77
:106EF000100B10BD000000000000000000000000AA
:106F0000FB21E93F0000F07F00B52DED048BB0EED2
:106F1000409AF0EE609A83B051EC190B05F04AFFED
:106F200041EC180B18EE100A18EE901A8DED008B3C
:106F3000002818BF0120084320F00040C0F17F6006
:106F400000F1E040C00F14D019EE101A19EE900AAB
:106F50008DED009B002918BF0121084320F000405F
:106F6000C0F17F6000F1E040C00F04BF0120FAF7DC
:106F700015F8B0EE480A03B0F0EE680ABDEC048BD9
:106F800000BD00000000000000B583B09FED060BBF
:106F90000A4601468DED000B6846FAF73FFE9DED6F
:106FA000000B03B000BD0000000000000000000066
:106FB0002DE9F14F04462DED020B2DED088B8AB023
:106FC0009FEDE70B80ED020B139EE74826F000458E
:106FD00085420ADC9DED120B002084ED000B0AB007
:106FE000BDEC088B03B0BDE8F08FE0489FEDE0AB4F
:106FF0009FEDE1BBA84247DDE14F9FEDE39B9FED95
:10700000E48B9DED120B53EC1A2B51EC100B002E60
:107010001CDD05F09BFF41EC100BBD4208D053EC8A
:107020001B2B51EC100B05F091FFC4E900010BE0A4
:1070300053EC192B51EC100B05F088FF53EC182B77
:1070400005F084FFC4E900010120C8E705F0ECF970
:1070500041EC100BBD4208D053EC1B2B51EC100B34
:1070600005F0E2F9C4E900010BE053EC192B51ECF7
:10707000100B05F0D9F953EC182B05F0D5F9C4E93C
:1070800000014FF0FF30AAE7C348A84279DB9DED2D
:10709000120B51EC100B00F086FF41EC180B9FED2A
:1070A000C00B53EC102B05F0EBFC9FEDBF1B53EC1A
:1070B000112B05F0B9F905F007FC074605F033FC84
:1070C00041EC190B53EC1A2B05F0DAFC53EC182B9E
:1070D00005F064FE41EC180B53EC1B2B51EC190B23
:1070E00005F0CEFCDFF8C8A241EC100B4FEA1558B2
:1070F0000125FA4453EC102B51EC180B05F026FF38
:10710000032DC4E900013DD0C1F30A5005EB451140
:10711000A8EB00001139814234DA0AEB051BB0EE0E
:1071200048AA9BED000BF0EE68AA53EC102B51EC33
:10713000190B05F0A5FC41EC1B0B51EC1A0B53ECA1
:107140001B2B05F003FF41EC180B51EC1A0B53EC11
:10715000182B05F0FBFE53EC1B2B05F0F7FE9BED07
:10716000020B41EC1A0B53EC102B51EC190B05F0F0
:1071700087FC53EC1A2B05F0E9FE41EC100B6D1C5B
:10718000B8E70EE0002EA8BF3846BFF628AF94ED52
:10719000000B51EC100B05F009F9C4E9000178422D
:1071A0001DE7C6F3130040F4801EC6F30A50A0F298
:1071B000F530471100F01F05C5F12000DDF848B09B
:1071C00008900020069007900520EC467949002D94
:1071D00007EB0002794408BF51F8221009D051F89A
:1071E000223001EB8201AB404A68089922FA01F192
:1071F0001943A1FB0E26A1FB0B131A449A4234BF7C
:107200000123002303EB06080CEB8003D3E901A65E
:107210000E448E4234BF0121002192448A4411B1B0
:10722000924502D903E0924501D2012100E00021FC
:10723000C3E901A641444CF82010011EA0F1010051
:10724000C4DC029800F10050850F0298DDE9036765
:107250008000DDF8148005F066FB41EC1A0B304627
:1072600005F078FB9FED541B53EC112B05F008FC47
:1072700041EC1B0B384605F06DFB9FED511B53ECA9
:10728000112B05F0FDFB41EC180B404605F062FBAD
:107290009FED4D1B53EC112B05F0F2FB41EC190B4C
:1072A00051EC180B53EC192B05F0BEF853EC1B2BCB
:1072B00005F0BAF853EC1A2B05F0B6F8CDE9080141
:1072C000002008909DED080B53EC1A2B51EC100B8D
:1072D00005F03CFE53EC1B2B05F038FE53EC182B4D
:1072E00005F034FE53EC192B05F058FD9FED381BCB
:1072F00053EC112B05F0C4FB9FED370B41EC180B41
:1073000053EC102B9DED080B51EC100B05F0B8FB66
:1073100053EC182B05F088F89FED310B41EC180B5E
:1073200053EC102B9DED080B51EC100B05F0A8FB56
:1073300053EC182B05F078F841EC100B139810F073
:10734000004F06D06D4251EC100B05F02FF841ECC8
:10735000100B284684ED000B41E600000000000001
:107360000000000000000000FB21E93F7CD9024042
:1073700000004054FB21F93F3163621A61B4D03DF3
:10738000FB21F93F000000000000601A61B4D03D0D
:107390007370032E8A19A33BFB21394100000000C2
:1073A00083C8C96D305FE43F000000000000E03F8B
:1073B0009A750000E8740000000000000000103E14
:1073C000000000000000103C000000000000103A27
:1073D000182D4454FB21F93D3326A611460B113CD0
:1073E00000000054FB21F93D10B52DED040B2DEDEF
:1073F000088B82B0B0EE419AF0EE619A0B9820F0C3
:1074000000449FED4BABB4F1795F11DA9DED0A0BAF
:1074100051EC100B05F058FA002801BFB0EE4A0AF3
:10742000F0EE6A0A02B0BDEC088B04BF04B010BDD8
:107430009DED0A0B53EC102B51EC100B05F020FBCB
:1074400041EC180B3C480621B0EE480AF0EE680A01
:10745000784400F081F853EC182B51EC100B05F038
:107460000FFB9DED0A0B41EC1B0B53EC192B51EC60
:10747000100B05F005FB41EC190B53EC1B2B51ECE9
:10748000180B05F0FDFA53EC192B05F05FFD9FED8D
:107490002C0B41EC190B53EC102B51EC180B05F095
:1074A000EFFA41EC100B2848844210DA53EC192B08
:1074B00051EC100B05F04AFD53EC1A2B05F06EFC55
:1074C00041EC100B02B0BDEC088B04B010BD1F489E
:1074D000A042BCBF9FED1E1B8DED001B06DBA4F57B
:1074E00000100190002000909DED001B51EC100B4E
:1074F00053EC112B05F02AFD9DED000B41EC180B10
:1075000053EC102B51EC1A0B05F020FD41EC1A0B3B
:1075100053EC192B51EC180B05F018FD53EC1A2BFA
:1075200005F03CFC41EC100BCCE700000000000033
:10753000000000000000F03F0472000000000000A6
:10754000000000000000E03F3333D33F0000E93F7C
:10755000000000000000D23F70B504462DED028B04
:107560004D1E00EBC500B0EE408AF0EE608A90ED53
:10757000000B35F0060017D053EC182B51EC100B14
:1075800005F07EFA41EC100B6D1E04EBC50090ED8A
:10759000001B51EC100B53EC112B04F045FF41EC98
:1075A000100B35F00600E7D1022D36D0042D1CD08B
:1075B000062D1CBFBDEC028B70BD53EC182B51EC9B
:1075C000100B05F05DFA94ED0A1B53EC112B04F03F
:1075D0002BFF53EC182B05F053FA94ED081B53ECDA
:1075E000112B04F021FF41EC100B53EC182B51EC44
:1075F000100B05F045FA94ED061B53EC112B04F02B
:1076000013FF53EC182B05F03BFA94ED040B53ECED
:10761000102B04F009FF41EC100B53EC182B51EC2C
:10762000100B05F02DFA94ED021B53EC112B04F016
:10763000FBFE53EC182B05F023FA94ED001B53ECE2
:10764000112B04F0F1FEBDEC028B41EC100B70BD70
:1076500031B504462DED040B2DED0A8BB0EE41BA89
:10766000F0EE61BA0B989DED0A0B20F00040B0F1EE
:10767000795F0DDA51EC100BFEF76DF9042808BFA5
:1076800000F0CAF89DED0A0BBDEC0A8B05B030BDC9
:1076900053EC102B51EC100B05F0F2F941EC180BE8
:1076A0009DED0A0B53EC182B51EC100B05F0E8F98B
:1076B00041EC190B2C48B0EE480AF0EE680A05219F
:1076C0007844FFF749FF9FED2ACBB0EE40AAF0EED9
:1076D00060AA9CB353EC1C2B51EC190B05F0D0F9AC
:1076E00041EC1C0B53EC1A2B51EC190B05F0C8F9AB
:1076F0009FED210B41EC190B53EC102B51EC1B0BA4
:1077000005F0BEF953EC192B05F020FC53EC182BB7
:1077100005F0B6F953EC1B2B05F018FC53EC1C2BB1
:1077200005F014FC9DED0A1B53EC112B05F036FB04
:10773000BDEC0A8B05B041EC100B30BDFFE753ECFC
:107740001A2B51EC180B05F09BF953EC1C2B04F091
:107750006BFE53EC192B05F093F99DED0A1B53ECCE
:10776000112B04F061FEE3E79470000000000000BC
:10777000495555555555C5BF000000000000E03F74
:107780009FED070B10B553EC102B9FED070B51EC41
:10779000100B04F005FF41EC100B10BD00000000C1
:1077A0000000000000000000000000000000F03FAA
:1077B00010B553EC102B51EC100B04F035FE41ECDE
:1077C000100B10BD10B553EC112B51EC100B04F045
:1077D0002BFE41EC100B10BD9FED050B10B553ECCB
:1077E000102B51EC100B04F0DBFE41EC100B10BD24
:1077F00000000000000000009FED050B10B553ECE9
:10780000102B51EC100B05F03BF941EC100B10BDA7
:1078100000000000000000709FED050B10B553EC58
:10782000102B51EC100B05F02BF941EC100B10BD97
:10783000000000000000001010B5044691ED000BA0
:10784000FEF7B2F884ED000A10BD10B5044690EDC5
:10785000000B0846FEF7F4FB84ED000B10BD30383A
:107860000A2801D2012070470020704701E0491E1C
:10787000C9B2012904D9421812F8012C002AF6D005
:107880000846704701E0491EC9B2012904D94218CF
:1078900012F8012C002AF6D008467047704770474E
:1078A00019B110B1826812B104E000207047816004
:1078B00005E0024610680028FBD111604A600120F3
:1078C00070472DE9F0410D4606991F4614465FEAC0
:1078D000000806D02DB124B131B1E06840F4007643
:1078E0000BE00020BDE8F0811946284600F0DEF9E3
:1078F000051EF7D0E06820F40076A089800503D447
:10790000206A08B179688847E660214640462562CA
:10791000BDE8F041FFF7C4BF10B541EC100BFEF716
:10792000BFF851EC100B10BD10B588B103687BB1E6
:1079300042688168914206D25C5C202C03D8491CC5
:1079400081600028F5D1914201D1491E816010BDAE
:10795000002010BDF8B505460C46104600F05AF858
:10796000064600200090064B324621462846FFF787
:10797000A8FF0028304602D100F0BCF80020F8BD76
:1079800024000020FFF78CBF08B500230093024BB2
:10799000FFF797FF08BD000024000020F8B50C4653
:1079A000054600F047F8064600200090064B324698
:1079B00021462846FFF785FF0028304602D100F017
:1079C00099F80020F8BD000024000020F8B5054615
:1079D0000C46104600F076F8064600200090064B54
:1079E000324621462846FFF76CFF0028304602D178
:1079F00000F080F80020F8BD2400002010B50448F5
:107A000000F0CDF8002801D02021C16010BD000099
:107A10002400002010B50446054800F0C0F80028F6
:107A200004D00CB1022100E00121C16010BD0000B2
:107A30002400002010B518482DED028BB0EE408ACE
:107A4000F0EE608A00F0ABF8040020D00820E0607F
:107A50009FED120B84ED068B53EC102B51EC180BA1
:107A600005F00CF902D86FF000400FE09FED0D0B10
:107A700051EC180B53EC102B04F0C6FF02D84FF05A
:107A8000004003E051EC180B04F01EFF606120463B
:107A9000BDEC028B10BD0000240000200000C0FFE0
:107AA000FFFFDF41000000000000E0C110B5044806
:107AB00000F075F8002801D04021C16010BD000021
:107AC0002400002070B50546094800F068F804005D
:107AD00007D01020E0600649284600F0E7F8206152
:107AE00008B1204670BD204600F004F8002070BDAB
:107AF0002400002070B504460F4E19E0A0892568C7
:107B0000C0050AD4A06820B1FFF7F4FFA089C00522
:107B100003D4206908B171688847A089800503D41F
:107B2000206A08B1716888477168204688472C46EA
:107B3000002CE3D170BD000024000020002200F0E2
:107B400073BB000030B50D4D0D4B0E4C0E4A88B185
:107B50001360016801B111605460406800B1506069
:107B6000002090601068984203D15068A04200D174
:107B7000956030BD82E8380030BD000089040008FF
:107B8000DD0300083B04000824000020002803D087
:107B9000007B082801D0002070470120704710B5F5
:107BA000016828208847040002D02821F9F7E7F867
:107BB000204610BD00221146AFF300802DE9F047AA
:107BC00088B00C46054692461C216846F9F7D7F85E
:107BD00031480026002D066046605AD028460095A0
:107BE000F8F7BEFF401CDFF8B090CDE90106D9E9F7
:107BF0000212D9F810000491CDE90520B04609F130
:107C00000800FFF7CCFF06002BD000986F4608B1A4
:107C1000029808B100200CE00198042808D903223A
:107C20001EA10098F8F7BBFF10B90298C01C029083
:107C30003846FFF779FE0146304602F0E3FB68B1B3
:107C4000BAF1000F14D06846FFF76EFEDDE90101BE
:107C5000814203D202990098405C48B13046FFF758
:107C600049FFDDE90121404691420AD208460BE076
:107C70001CB10299009808442060304608B0BDE865
:107C8000F087111E00D0481E0CB129182160C9E9E7
:107C900000500020F2E700001C000020EFBBBF00F6
:107CA000014A012102F053BC2400002070B50C46AB
:107CB00006000DD0F8F754FF401C2368054698478E
:107CC000040005D02A463146F8F7C0FF204670BDB3
:107CD000002070BD30B5034600200246064C08E087
:107CE0009D5C521C85EA104580B254F8255085EA07
:107CF00000208A42F4D330BD08D500080A88134614
:107D0000424082EA0210C0B21A0A82EA002282EAE3
:107D1000C00282EA1010088070470A881346424069
:107D200082EA0210C0B21A0A82EA002282EAC00283
:107D300082EA1010088070479FED051B10B553ECC8
:107D4000112B51EC100B04F09BFE41EC100B10BDFD
:107D5000399D52A246DF913F70B50546046804E0A4
:107D60002046D4F8384104F027F8002CF8D1002040
:107D70002860686070BD000010B52DED0C8BB0EE72
:107D800043AAF0EE63AAB0EE428AF0EE628AB0EE49
:107D900041BAF0EE61BAFFF7CFFFB0EE409AF0EED5
:107DA000609AB0EE4B0AF0EE6B0AFFF7C5FFB0EE3B
:107DB00040CAF0EE60CAB0EE480AF0EE680AFFF77B
:107DC000BBFFB0EE408AF0EE608AB0EE4A0AF0EEF9
:107DD0006A0AFFF7B1FFB0EE40BAF0EE60BA53ECBA
:107DE000182B51EC190B04F0D9FF41EC1A0B53EC92
:107DF0001C2B51EC1B0B05F0A9F89FED3EDB53EC5F
:107E00001D2B04F03DFE41EC100BFFF719F89FED20
:107E10003BCBB0EE4C1AF0EE6C1AFEF779F9B0EEEF
:107E200040BAF0EE60BAB0EE480AF0EE680AFEF72B
:107E3000A3F8B0EE408AF0EE608AB0EE490AF0EEA8
:107E4000690AFEF799F853EC182B51EC100B04F06B
:107E500017FE53EC1B2B04F013FE41EC180B53ECF4
:107E60001D2B51EC1A0B04F00BFE41EC100BFEF72E
:107E7000E7FFB0EE4C1AF0EE6C1AFEF749F953EC3E
:107E8000182B51EC100B04F0CFFA41EC180B9FEDBE
:107E90001D0B53EC182B51EC100B05F057F841EC6F
:107EA000100BFFF731F8B0EE409AF0EE609AB0EEAA
:107EB000480AF0EE680AFFF727F8B0EE491AF0EE2C
:107EC000691AFDF759FF53EC1C2B51EC100B04F011
:107ED000D7FD9FED0E1B53EC112B04F0D1FD9FED50
:107EE0000D1B53EC112B04F0CBFDBDEC0C8B41ECC6
:107EF000100B10BD000000000000E03F000000007B
:107F000000000040000000000000F03F0000000002
:107F100000E3B8400000000000408F402DE9F04130
:107F200004001CD02268D2B1636813B1A0689842E3
:107F300015D24FF00046B14211D2A568491C68180D
:107F4000834202D35019BDE8F081216939B9B0F1FB
:107F5000804F06D3B04202D26FF0004602E000200C
:107F6000F1E74600236A00272BB1314610469847B7
:107F7000050012D00CE0A1693046884705000CD0FE
:107F8000A2682168521CF8F761FEE1692068884701
:107F9000C4E90056A0682844D5E7E169206888470D
:107FA00067602760DBE782B0CDE9000121F0004087
:107FB00001909DED000B02B051EC100B704710B515
:107FC000016000238280C3800381194603E00468B6
:107FD0006354491C89B29142F9D310BD0289C38808
:107FE0009A4201D10020704703689A5C0A700189A7
:107FF000491C89B201818288914201D3002101810B
:1080000001207047C28801898A4201D3501A02E0D8
:108010008088401A104480B2704710B5C3888488A5
:108020005A1C92B2A24200D300220489944201D188
:10803000002010BD0468E154C280012010BD000082
:1080400070B5224C22A094ED000B53EC102BF8F7E6
:108050000DFBFFF72BFD0546224A23A1FFF7B6FCD7
:1080600023A226A12846FFF7B1FC264A26A12846CE
:10807000FFF7ACFC1B482038406804F06BFC41EC77
:10808000100B22A12846FFF789FC00F0B5F804F098
:1080900075FC41EC100B1EA12846FFF77FFC94ED08
:1080A000000B1CA12846FFF779FC1BA21BA1284648
:1080B000FFF78CFC1BA21CA12846FFF787FC284673
:1080C000BDE870400AA103F011B800009000002044
:1080D0006664697374616E636520697320252E324E
:1080E0006600000060000020746F6B656E00000089
:1080F0002F4A6F622F46696E6973680074797065E4
:1081000000000000BC150020736E00006A6F620062
:10811000667400006664000034470000736F757277
:108120006365000030000000666C795474696D6509
:108130000000000003490A685206FCD5C2B24A603A
:10814000704700000010014010B582B01446CDE920
:1081500000010023009A2360194B21F0004098424F
:108160002ADA024328D0B0F5801FA8BF226810DAAF
:108170009FED150B53EC102B9DED000B51EC100BEC
:1081800004F07EFCCDE900016FF0350221F00040E3
:1081900022600F4B6FF31E5103EB20501044206000
:1081A00041F0FF5040F0005001909DED000B00BFEA
:1081B00002B051EC100B10BD9DED000BF8E7000074
:1081C0000000F07F000000000000000000005043AD
:1081D00002FCFFFF09684FF49C72F8F77CBD007940
:1081E000704710B503F0DAFF012803D0BDE8104056
:1081F00003F0E2BF002010BD10B503F0CFFF094C23
:1082000001280BD0D4E90001084307D003F0D4FFC4
:10821000D4E90023801843F1000110BDD4E9000126
:1082200010BD0000580000202DE9F0418846A8B399
:10823000B8F1000F33D085680AB90AE02D686DB334
:10824000296A59B34046F8F7C1FD0028F6D120E06D
:108250002D681DB32E6A5FEA0804F9D0002EF7D00E
:10826000B44218D002E098B1641C761C2078F8F76C
:10827000DEF907463078F8F7DAF987422078F2D04D
:10828000F8F7D5F904463078F8F7D1F98442DFD110
:1082900025B1286A10B12846BDE8F081FFE700202B
:1082A000FAE700000FB4202100B5C7B03C48FBF747
:1082B000F2FB4A984FF48C72000A4CA920283CD05B
:1082C00012DC30B3182842D01E282CD01F2808D129
:1082D0006846F8F700FD0DF5907C9CE80F00FCF770
:1082E00079FB47B05DF814FB41284ED0B0F5917F83
:1082F00041D0A0F58070233833D05428F1D168469E
:10830000F8F7E9FC0DF5907C9CE80F00FCF704FB06
:10831000E7E76846F8F7DFFC0DF5907C9CE80F0076
:10832000FCF76CFCDDE76846F8F7D5FC0DF5907CB2
:108330009CE80F00FCF718FBD3E76846F8F7CBFC86
:108340000DF5907C9CE80F00FCF776FCC9E76846C9
:10835000F8F7C1FC0DF5907C9CE80F00FCF7C6FB1C
:10836000BFE76846F8F7B7FC0DF5907C9CE80F0076
:10837000FCF78EFBB5E76846F8F7ADFC0DF5907C91
:108380009CE80F00FCF752FBABE76846F8F7A3FC4C
:108390000DF5907C9CE80F00FCF77CFCA1E7000049
:1083A000000802400FB470B504464FF4A07002F00C
:1083B000A9FD05464FF49C7206A9F8F78CFC00262F
:1083C000C5F83861206810B9256006E00846D0F885
:1083D00038110029FAD1C0F838516068401C60603B
:1083E00032280FDD256800E00546D5F83801D0F8C1
:1083F00038110029F8D103F0DFFCC5F83861606856
:10840000401E606070BC5DF814FB00002DE9F04177
:10841000804637A0F8F72AF939A14046FFF78EFBCE
:10842000054639A14046FFF789FB064638A140467C
:10843000FFF784FB006938A1F8F7C8FC002854D185
:1084400003210120FCF780FD34A12869F8F7BEFC68
:10845000354CD8B935A13046FFF770FB074634A13B
:108460003046FFF76BFB06463846FFF78FFB08B137
:10847000786920613046FFF789FB38B196ED060B2D
:1084800051EC100B04F0CAFEC4E906012AA12869C8
:10849000F8F79CFC012650B91BA14046FFF74EFBA4
:1084A0000746FFF773FB10B166707869606025A11D
:1084B0002869F8F78BFC002817D125A14046FFF763
:1084C0003DFB0546FFF762FB50B1696929B1267093
:1084D000BDE8F0411FA0F8F7C9B800202070F7E709
:1084E000BDE8F0411EA0F8F7C1B8BDE8F08100007A
:1084F0006A736F6E2070617273650D0A0000000070
:108500007479706500000000696E666F00000000FD
:10851000736F757263650000344700002F4A6F6205
:108520002F526561647900004000002069640000FA
:1085300074696D65000000002F4A6F622F537461EB
:10854000727400002F4A6F622F547261636B0000D7
:10855000746167007461673A202564200D0A000089
:108560007461673A206572726F720D0A0000000034
:108570001CB5FBF7ABFAFCF709FFFCF7FBFBFCF7BC
:108580003BFCFCF787FCFCF74BF94FF400622949F0
:108590002948FFF714FD294800210170417028483F
:1085A0000090284801906846FFF7CCFA4FF4FA6033
:1085B000FBF7C8F824A0F8F759F82AA12C48F8F7D7
:1085C000ABFA2B492BA0F8F751F8294C06E000F044
:1085D000C3F802F01FFF6420FBF7B4F820780028EE
:1085E000F5D0234927A0F8F741F802210846FCF707
:1085F000ABFC27A0F8F73AF803F076F90028FBD196
:10860000FAF79CFF42F21070FBF79CF827A0F8F7EE
:108610002DF82C490120087002210320FCF794FC5E
:10862000FCF774FB28A0F8F721F801F0A0FC00206B
:108630001CBD0000BC0D0020B00D0020000000207B
:1086400005AF0008B9BD00087379732073746172B7
:108650007431202D2D2D2D2D2D2D2D2D2D2D2D2D0C
:108660000D0A00003132333435363738000000004F
:10867000BC150020736E20736574203D2025730D9A
:108680000A000000736E2069732025730D0A000034
:1086900073797320737461727432202D2D2D2D2DFA
:1086A0002D2D2D2D2D2D2D2D0D0A0000344720436D
:1086B000617420436F6E66696720537563636573E9
:1086C000730D0A0031000020737973207374617296
:1086D0007433202D2D2D2D2D2D2D2D2D2D2D2D2D8A
:1086E0000D0A000001460020842900D0C81C7047F4
:1086F000F0B5D7B00126022503228DF83C618DF834
:108700003D518DF83E21042105204E918DF83F0109
:108710008DF8402104AC09224EA908A8F8F7DBFA2D
:1087200006980927C0B20690BC464FF0320E8DE87D
:108730008050204631462A46064B00F002F904A933
:1087400051A800F0C8FB014651A8FDF751F857B0F9
:10875000F0BD0000D0150020704700002DE9F04169
:10876000134C144F4FF00006E0794FF00105C1099A
:10877000204680794FEAD01008D080B9A670657085
:108780000DA0F7F773FF0F48067005E068B1A570FC
:1087900065700DA0F7F76AFFA079C00905D03D7498
:1087A0007D74A079E071BDE8F0813E747E74F8E7D5
:1087B000800000202801002064697361726D656487
:1087C0000D0A00004100002061726D65640D0A0011
:1087D0002DE9FF4F87B016460446DDE91402197BE8
:1087E0001F46C1F3400535B9396921B10978C90778
:1087F00001D0012100E00021B1F1000A00D00D21DB
:108800008B464FF00A0904F1100825B1FE21A17032
:108810004FF0060905E0FD20A07011464046FFF725
:1088200025F8E0700898E071002026722071BAF1F6
:10883000000F01D0012121716071B879A071B87960
:10884000401CB871A0788DF80C00E0788DF80D0010
:108850006DB1A0798DF80E00E0798DF80F00207AC7
:108860008DF810002089000A8DF811001AE0207997
:108870008DF80E0060798DF80F00A0798DF810004A
:10888000E0798DF81100207A8DF812002089000A15
:108890008DF81300A068000C8DF81400A068000E7D
:1088A0008DF81500A9F1010085B24FF6FF700DF1AA
:1088B0000D06ADF8000004E016F8010B6946FFF75D
:1088C0001DFA6D1EADB2F7D2BDF80000ADF818006C
:1088D00006A800904546E67804E015F8010B0099DB
:1088E000FFF70CFA761EB6B2F7D206A91698FFF774
:1088F00005FAE278BDF8180002F80800BDF8180083
:10890000E278010A04F11100BAF1000F1154BDF828
:10891000180020800DD0E078CDF8008000EB080131
:10892000CDE901014B4603AA04F58D71386900F0C9
:108930007FFDE1780BF1020049440BB00844BDE82B
:10894000F08F2DE9FF4FA1B00E460446DDE92E025F
:10895000197B1F46C1F3400535B9396921B1097842
:10896000C90701D0012100E00021B1F1000A00D0C7
:108970000D218B464FF00A0904F1100825B1FE21A4
:10898000A1704FF0060905E0FD20A0701146404699
:10899000FEF778FFE070E6712398207200202071C6
:1089A000BAF1000F01D0012121716071B879A07175
:1089B000B879401CB871A0788DF86800E0788DF81F
:1089C00069006DB1A0798DF86A00E0798DF86B00CF
:1089D000207A8DF86C002089000A8DF86D001AE06D
:1089E00020798DF86A0060798DF86B00A0798DF898
:1089F0006C00E0798DF86D00207A8DF86E0020898A
:108A0000000A8DF86F00A068000C8DF87000A06857
:108A1000000E8DF87100A9F1010085B24FF6FF70CC
:108A20000DF16906ADF8000004E016F8010B694687
:108A3000FFF773F96D1EADB2F7D2BDF80000ADF8C7
:108A400074001DA800904546E67804E015F8010B77
:108A50000099FFF762F9761EB6B2F7D21DA93098D9
:108A6000FFF75BF9E278BDF8740002F80800BDF882
:108A70007400E278010A04F11100BAF1000F1154F8
:108A8000BDF87400208041D01AA83D692090E0789C
:108A9000474604F58D76824600EB0708B5B3287883
:108AA000C00733D068783070D5E90201CDE91E01E6
:108AB000C6F80100BDF87C00A6F80500D5E9020162
:108AC000401C41F10001C5E90201684600F00EFCBE
:108AD000202205F11001684600F06BFC4A4668460A
:108AE000209900F066FC52463946684600F061FC69
:108AF00002224146684600F05CFC07223146684687
:108B000000F057FCF11D684600F0AAFBE1780BF17C
:108B10000200494425B00844BDE8F08F2DE9F05F1C
:108B20004FF0000A0A9F054681F800A0C8789946D0
:108B300016460C4605F1100B4FF00108112824D2FF
:108B4000DFE800F009092436474D545B6275838FD6
:108B50009DDDDDF7F700FD2E02D0FE2E09D035E1B8
:108B60000220E07085F803A0AA70207B20F00100AD
:108B700007E00220E07085F803A0AA70207B40F097
:108B800001002073284600F071FD14E1EE7084F8B6
:108B900004A03146284600F06DFD207BC00705D0BB
:108BA00085F804A085F805A005204CE003204AE0E4
:108BB0002E71700807D0A078401CA07084F800A027
:108BC00084F8038002E13146284600F053FD04207A
:108BD00039E06E713146284600F04CFDE4E7AE7195
:108BE0003146284600F046FD06202CE0EE71314665
:108BF000284600F03FFD072025E02E72314628462A
:108C000000F038FD08201EE0A868114666F31F201A
:108C1000A860284600F02EFD207BC00705D0E8782C
:108C200008B10B200FE00C200DE009200BE0A86834
:108C3000010A41EA062161F31F20A8601146284677
:108C400000F018FD0A20E070B5E0A868010A41EACA
:108C5000064161F31F20A8601146284600F00AFD76
:108C6000DDE72079411C217100F80B603146284670
:108C700000F000FD2079E9788842D4D09BE0A86814
:108C80000021030ADFF88CC1E5228818401C400847
:108C900000EB40085CF8288098450BD9A0F1010250
:108CA0009142F2D301EB41005CF82010994204D0CC
:108CB000504604E00146F3D3F4E70CEB80005FEA92
:108CC000000809D098F80410284600F0D3FC287852
:108CD000B04206D00E2005E00E20E07085F8186145
:108CE00069E00D20E07085F81861207998F8061089
:108CF000884260D2091A5844F8F71FF85BE00E2842
:108D000003D02888B6EB102F02D00220207001E09B
:108D100084F8008085F819212879C0070DD02078C3
:108D2000022807D00F20E07084F800A00D206073A7
:108D300041E010E01020E070F8E7206970B3026BAA
:108D400022B1A868010A2046904738BB2078022843
:108D500027D0032024E0607BC0F10D00284480F878
:108D60001A21607B401E10F0FF00607323D1D4E90C
:108D700004012A4600F0C6FB060008D12069026BF8
:108D80002AB1A868010A2046904700B10126E07880
:108D9000102804D0002EDCD084F8008001E00220EE
:108DA000207084F80380B9F1000004D04FF494726D
:108DB0002946F7F790FF2078012807D1A87960713C
:108DC000208908B9A4F80AA0401C2081B9F1000F3D
:108DD00002D0E97889F8031067B1E078F87020795B
:108DE00038716079401C787120893881A078788149
:108DF000207B387384F802A02078022806D1B9F1CC
:108E0000000F03D0B5F81811A9F800102078BDE8BC
:108E1000F09F000014DA00082DE9F0470546887835
:108E2000CE780C4601F11008FE282AD03146404683
:108E3000FEF71CFD0646A07828706E702079A87099
:108E40006079E870A0792871E0796871207AA8715A
:108E500020894FF00909000AE871A0683246000C29
:108E60002872A0684146000E687205F10A00F7F703
:108E7000EDFE0935A8192179401CC90718D00D2726
:108E800017E028706E70A079A870E079E870207AF9
:108E9000287120890027000A68714FF00509E278DF
:108EA0004146A81DF7F7D2FEE0782844801D00E077
:108EB0000027217801702188090A41702FB13A46B4
:108EC00004F58D71801CF7F7C1FE09EB06003844EC
:108ED000C01CBDE8F0872DE9F04705468878CE78BC
:108EE0000C4601F11008FE282AD031464046FEF714
:108EF000C9FC0646A07828706E702079A870607949
:108F0000E870A0792871E0796871207AA8712089C9
:108F10004FF00909000AE871A0683246000C287277
:108F2000A0684146000E687205F10A00F7F78EFE50
:108F30000935A8192179401CC90718D00D2717E059
:108F400028706E70A079A870E079E870207A287196
:108F500020890027000A68714FF00509E278414630
:108F6000A81DF7F773FEE0782844801D00E0002775
:108F7000217801702188090A41702FB13A4604F521
:108F80008D71801CF7F762FE09EB06003844C01CA7
:108F9000BDE8F0872DE9F04FC8B082684792C468F9
:108FA0004694056988464595416944918E46816994
:108FB0004391C3694293066A99464196436A409336
:108FC0009B4600236F4658F823C047F823C05B1C1C
:108FD000102BF8DB102307EB830A5AF8087C4FEAC2
:108FE000774C8CEAF74C8CEA972C5AF83C7C4FEA89
:108FF000F71888EAB74888EAD707BC445AF81C8CA7
:109000005AF8407C4744BC444DF823C05B1C6F4673
:10901000402BE0DB00234FEAB11787EAF12787EA0C
:10902000716C01EA090726EA010887EA0807BC44CF
:109030001F4F57F8238008EB0B07BC445DF82370E3
:10904000B3460CEB070A4FEAB20787EA723787EAA2
:10905000B25C84EA05074E4604EA050889461740D3
:109060000EEB0A01AE4687EA080725466744144618
:109070005B1C0AEB0702402BCDDB479B1A44826046
:10908000469A2244C260459A2A440261449A724434
:109090004261439A1144816142994944C1614199B5
:1090A0003144016240995944416248B0BDE8F08FB3
:1090B00008D400082DE9F04FC8B082684792C46810
:1090C0004694056988464595416944918E46816973
:1090D0004391C3694293066A99464196436A409315
:1090E0009B4600236F4658F823C047F823C05B1CFB
:1090F000102BF8DB102307EB830A5AF8087C4FEAA1
:10910000774C8CEAF74C8CEA972C5AF83C7C4FEA67
:10911000F71888EAB74888EAD707BC445AF81C8C85
:109120005AF8407C4744BC444DF823C05B1C6F4652
:10913000402BE0DB00234FEAB11787EAF12787EAEB
:10914000716C01EA090726EA010887EA0807BC44AE
:109150001F4F57F8238008EB0B07BC445DF82370C2
:10916000B3460CEB070A4FEAB20787EA723787EA81
:10917000B25C84EA05074E4604EA050889461740B2
:109180000EEB0A01AE4687EA0807254667441446F7
:109190005B1C0AEB0702402BCDDB479B1A44826025
:1091A000469A2244C260459A2A440261449A724413
:1091B0004261439A1144816142994944C161419994
:1091C0003144016240995944416248B0BDE8F08F92
:1091D00008D900082DE9F0410446008892B0C0F398
:1091E000C500C0F1770000F03F0780200E468DF8E3
:1091F000000004F108054721E8460DF101007F1C3D
:10920000F7F79BFD08EB07002178C171218807F172
:109210000802090A81712168090C41712168090E4F
:1092200001712179C170A188090A81706168090CF6
:1092300041706068010E08F807106946204600F08A
:1092400079F8E8783070A87870706878B07028780D
:10925000F070E8793071A879707112B0BDE8F081D2
:109260002DE9F0410446008892B0C0F3C500C0F17A
:10927000770000F03F0780200E468DF8000004F1D3
:1092800008054721E8460DF101007F1CF7F755FD61
:1092900008EB07002178C171218807F10802090A4B
:1092A00081712168090C41712168090E01712179D0
:1092B000C170A188090A81706168090C41706068F9
:1092C000010E08F807106946204600F072F8E878A9
:1092D0003070A87870706878B0702878F070E8798D
:1092E0003071A879707112B0BDE8F0810021016081
:1092F0004160084981600849C16008490161084925
:109300004161084981610849C16108490162084910
:109310004162704767E6096A85AE67BB72F36E3CCF
:109320003AF54FA57F520E518C68059BABD9831F30
:1093300019CDE05B2DE9F0410546006814468846EA
:1093400000EBC40190B02960814202D26968491CD7
:109350006960C0F3C50627E0C6F14007BC4200D2F1
:109360002746A8193A4641462830F7F76FFC3E4495
:10937000E41BB844402E17D105F1280200216E46A7
:1093800002EB810006EB8103C7781F7087785F705E
:1093900047789F700078491CD8701029F0DB31465F
:1093A0002846FFF7F7FD0026002CD5D110B0BDE808
:1093B000F0812DE9F041054600681446884600EB2F
:1093C000C40190B02960814202D26968491C696079
:1093D000C0F3C50627E0C6F14007BC4200D22746CD
:1093E000A8193A4641462830F7F730FC3E44E41BC2
:1093F000B844402E17D105F1280200216E4602EB39
:10940000810006EB8103C7781F7087785F7047780B
:109410009F700078491CD8701029F0DB314628462F
:10942000FFF748FE0026002CD5D110B0BDE8F08132
:109430002DE9F0439DB09846DDE92565249F9146CE
:109440000C46E0B30178C90749D041782170D0E9D2
:109450000212CDE91A12C4F80110BDF86C10A4F87C
:109460000510D0E90212491C42F10002C0E90212C3
:109470000021009101911B4902911B4903911B4955
:1094800004911B4905911B4906911B4907911B49F2
:1094900008911B49099100F1100120226846FFF74D
:1094A00049FF424649466846FFF744FF324639467F
:1094B0006846FFF73FFF02222946684600E00EE0BB
:1094C000FFF738FF072221466846FFF733FFE11D0B
:1094D0006846FFF77FFE0D201DB0BDE8F083002039
:1094E000FAE7000067E6096A85AE67BB72F36E3C77
:1094F0003AF54FA57F520E518C68059BABD9831F5F
:1095000019CDE05B2DE9F043A1B014460E460500ED
:1095100030D004F1020804F58D7704F22119684671
:10952000FFF7E4FE202205F110016846FFF741FF36
:109530000A2241466846FFF73CFFE27804F1100139
:109540006846FFF736FF022204F58C716846FFF784
:1095500030FF072239466846FFF72BFF1EA96846F1
:10956000FFF77EFE062249461EA8F7F7A9FA28B1A2
:1095700002205FE0012021B0BDE8F0833B780020AD
:10958000CDE91A00D7F801001A90B7F80500ADF838
:109590006C0016B10020328815E003204AE000EB91
:1095A000C001314494F807C091F80380C44508D144
:1095B00094F808C091F80480C44502D18978994292
:1095C00003D0401C80B28242E9D882421ED1102AC8
:1095D00001D304202EE0DDE91A1C234A8A184CF13D
:1095E0000001D5E9028CB2EB080271EB0C0101D24B
:1095F00005201FE000EBC0013144E279CA70227AF5
:109600000A718B703188491C318017E00021CDE947
:109610001C1100EBC001314451F8052F1C928988C0
:109620001446DDE91A23ADF874101D99A21A994168
:1096300004D3062085F8340000209CE700EBC0002E
:10964000304457F8011F40F8051FB9888180D5E9DB
:109650000223DDE91A01121A8B4101D2C5E9020188
:10966000012085F8340085E7808D5B004FF6FF719F
:109670000180704738B504460A460088ADF80000FE
:1096800069461046FEF749FBBDF80000208038BD52
:10969000884200DB084670472DE9F04F2DED0A8B1C
:1096A00089B0FEF703FA0690FEF700FA0890FEF77D
:1096B000FDF90746FEF7FAF90646FEF7F7F9054603
:1096C000FEF7F4F90090FEF7F1F90790FEF7EEF9D6
:1096D0008146FEF7EBF90590FEF7E8F90490FEF7F6
:1096E000E5F98346FEF7E2F90390FEF7DFF98246DB
:1096F000FEF7DCF90290FEF7D9F90190FEF7D6F9F2
:109700008046FB4AFBA10698FEF760F9FBA2FEA18A
:109710000698FEF75BF9FE4AFEA10698FEF756F999
:10972000FDA2FEA10698FEF751F9F14C203C6068BD
:1097300003F010F941EC100BFAA10698FEF72EF990
:10974000A068411CA16003F005F941EC100BF6A1E3
:109750000698FEF723F9F54CF5A13846227C4834EB
:10976000FEF7F8F814F8372CF3A13846FEF7F2F8B4
:1097700054F8340C03F0D4FC41EC100BF2A1304649
:10978000FEF70CF954F8300C03F0CAFC41EC100B56
:10979000EEA13046FEF702F954F82C0C03F0C0FCA1
:1097A00041EC100BEAA13046FEF7F8F854F8280C0B
:1097B00003F0B6FC41EC100BE6A13046FEF7EEF8E4
:1097C00054F8240C03F0ACFC41EC100BE2A1304641
:1097D000FEF7E4F854F8200C03F0A2FC41EC100B67
:1097E000DEA13046FEF7DAF854F81C0C03F098FCC2
:1097F00041EC100BDAA13046FEF7D0F854F8180C03
:1098000003F08EFC41EC100BD6A13046FEF7C6F8F3
:109810003246D5A13846FEF7B7F8606803F080FC01
:1098200041EC100BD2A12846FEF7B8F8A06803F06F
:1098300077FC41EC100BCFA12846FEF7AFF8E068AB
:1098400003F06EFC41EC100BCBA12846FEF7A6F806
:10985000206903F065FC41EC100BC8A12846FEF717
:109860009DF82A46C6A13846FEF78EF814ED020B85
:10987000C4A13846FEF792F814ED040BC2A1384695
:10988000FEF78CF8206803F04BFC41EC100BBFA1F5
:109890003846FEF783F8606903F042FC41EC100B98
:1098A000BBA13846FEF77AF8A06903F039FC41EC19
:1098B000100BB8A13846FEF771F8E06903F030FCF0
:1098C00041EC100BB4A13846FEF768F83A46B3A154
:1098D0000898FEF759F8206A03F025F841EC100BC0
:1098E000B2A10798FEF75AF8206C03F019FC41EC7E
:1098F000100BAFA10798FEF751F8206E03F010FC93
:1099000041EC100BACA10798FEF748F8D4F88000A2
:1099100003F006FC41EC100BA9A10798FEF73EF8F6
:10992000D4F8A00003F016F841EC100BA7A107989B
:10993000FEF734F8A7A1079A0098FEF725F8606AA9
:1099400002F0F1FF41EC100B98A14846FEF726F813
:10995000606C03F0E5FB41EC100B95A14846FEF767
:109960001DF8606E03F0DCFB41EC100B92A1484641
:10997000FEF714F8D4F8840003F0D2FB41EC100B8E
:109980008FA14846FEF70AF8D4F8A40002F0E2FFDF
:1099900041EC100B8DA14846FEF700F84A468EA117
:1099A0000098FDF7F1FFA06A02F0BDFF41EC100B3B
:1099B0007EA10598FDF7F2FFA06C03F0B1FB41EC2E
:1099C000100B7BA10598FDF7E9FFA06E03F0A8FB43
:1099D00041EC100B78A10598FDF7E0FFD4F8880062
:1099E00003F09EFB41EC100B75A10598FDF7D6FF27
:1099F000D4F8A80002F0AEFF41EC100B73A105985B
:109A0000FDF7CCFF75A1059A0098FDF7BDFFE06A50
:109A100002F089FF41EC100B64A10498FDF7BEFF32
:109A2000E06C03F07DFB41EC100B61A10498FDF7A5
:109A3000B5FFE06E03F074FB41EC100B5EA10498DF
:109A4000FDF7ACFFD4F88C0003F06AFB41EC100B7F
:109A50005BA10498FDF7A2FFD4F8AC0002F07AFFF6
:109A600041EC100B59A10498FDF798FF5CA1049AF2
:109A70000098FDF789FF206B02F055FF41EC100BB9
:109A80004AA15846FDF78AFF206D03F049FB41ECDF
:109A9000100B47A15846FDF781FF206F03F040FBF4
:109AA00041EC100B44A15846FDF778FFD4F8900024
:109AB00003F036FB41EC100B41A15846FDF76EFF59
:109AC000D4F8B00002F046FF41EC100B3FA158461D
:109AD000FDF764FF5A4643A10098FDF755FF606B00
:109AE00002F021FF41EC100B30A103987CE0000054
:109AF00060000020746F6B656E0000002F4A6F627B
:109B00002F547261636B000074797065000000006F
:109B1000BC150020736E000034470000736F75722F
:109B2000636500006A6F6200690000002801002080
:109B300061726D656400000072656164795F746FC5
:109B40005F61726D000000004D3100004D32000079
:109B50004D3300004D3400004D3500004D360000FF
:109B60004D3700004D380000636F6E74726F6C00EB
:109B70007131000071320000713300007134000057
:109B8000510000006C6174006C6F6E00616C7400B9
:109B90007678000076790000767A0000766568694C
:109BA000636C655F737461747573000072706D002F
:109BB000766F6C746167650063757272656E7400B0
:109BC00074656D706572617475726500657272633B
:109BD0006E7400004531000045320000453300003E
:109BE0004534000045350000FDF7D8FE606D03F0F8
:109BF00097FA41EC100BAFF248010398FDF7CEFE47
:109C0000606F03F08DFA41EC100BAFF25401039832
:109C1000FDF7C4FED4F8940003F082FA41EC100B77
:109C2000AFF264010398FDF7B9FED4F8B40002F076
:109C300091FE41EC100BAFF26C010398FDF7AEFE04
:109C400087A1039A0098FDF79FFEA06B02F06BFEC0
:109C500041EC100BAFF2AC015046FDF79FFEA06D3A
:109C600003F05EFA41EC100BAFF2BC015046FDF779
:109C700095FEA06F03F054FA41EC100BAFF2C8014F
:109C80005046FDF78BFED4F8980003F049FA41ECFA
:109C9000100BAFF2D4015046FDF780FED4F8B800A7
:109CA00002F058FE41EC100BAFF2E0015046FDF718
:109CB00075FE52466BA10098FDF766FEE06B02F060
:109CC00032FE41EC100BAFF21C110298FDF766FE5C
:109CD000E06D03F025FA41EC100BAFF22C11029865
:109CE000FDF75CFEE06F03F01BFA41EC100BAFF2E6
:109CF00038110298FDF752FED4F89C0003F010FAD8
:109D000041EC100BAFF248110298FDF747FED4F872
:109D1000BC0002F01FFE41EC100BAFF25011029894
:109D2000FDF73CFE50A1029A0098FDF72DFE4FA1D1
:109D3000009A0898FDF728FE9FED4D8B4EA10198E3
:109D4000B0EE480AF0EE680AFDF728FE9FED4C9B46
:109D50004DA10198B0EE490AF0EE690AFDF71EFE2A
:109D60009FED4BAB4CA10198B0EE4A0AF0EE6A0AA7
:109D7000FDF714FE9FED49BB4AA10198B0EE4B0AD6
:109D8000F0EE6B0AFDF70AFE9FED49CB4AA1019860
:109D9000B0EE4C0AF0EE6C0AFDF700FE9FED480BAA
:109DA00049A10198FDF7FAFD49A1019A0898FDF72C
:109DB000EBFDB0EE480AF0EE680A47A14046FDF719
:109DC000EDFDB0EE490AF0EE690A46A14046FDF706
:109DD000E5FDB0EE4A0AF0EE6A0A45A14046FDF7FD
:109DE000DDFDB0EE4B0AF0EE6B0A45A14046FDF7F3
:109DF000D5FDB0EE4C0AF0EE6C0A45A14046FDF7E9
:109E0000CDFD424645A10898FDF7BEFD47A1089A41
:109E10000698FDF7B9FD206903F082F981468A466C
:109E2000E06803F07DF907468846A06803F078F9FA
:109E300005460E46606803F073F98DE8E00741ECD3
:109E4000100B3EA053EC102BF6F710FCAFF2543180
:109E5000069809B0BDEC0A8BBDE8F04F01F046B999
:109E60004536000045370000453800006573630043
:109E7000000000000000F03F526F6C6C000000001A
:109E8000000000000000004050697463680000009A
:109E90000000000000000840596177000000000049
:109EA000000010405468726F74746C65000000000C
:109EB00000000000000014404D6F6465457870009C
:109EC00000000000000018404D6F64654E6F770081
:109ED000696E707574000000566F6C74616765562A
:109EE0000000000043757272656E7441000000004E
:109EF00052656D61696E696E674D616800000000B2
:109F000054696D6552656D61696E696E67530000D5
:109F100054656D7065726174757265006261747408
:109F20006572795F73746174757300006E6F726D22
:109F3000616C5F73746174757300000072657620E4
:109F400071313A25662C0971323A25662C09713334
:109F50003A25662C0971343A25660D0A0000000086
:109F600010B500B9012001F06BFF002010BD10B545
:109F700001F0D4FF002010BD7FB50D4604464169B5
:109F8000B0F9080081B1A16971B1FEF7ABFBD4E96A
:109F900005128DE80700D4E900102B46226902F073
:109FA000D0F8039004B070BDFEF79CFB03A9CDE987
:109FB0000001208A2B4682B2D4E9001002F094F806
:109FC000012801D00020EDE70398EBE72DE9F041EF
:109FD00007460026C8680C463546B0F57A7F59D248
:109FE000401CE0602168A068095C5B2952D1401CDC
:109FF000A0602046FDF798FC4CB1D4E901108842DE
:10A0000003D22268125C5D2A33D0884203D3A06851
:10A01000401EA0603EE0401E04F11008A0604046D3
:10A02000FDF7BDFD88B30EB3286045600546A06806
:10A03000401CA0602046FDF777FC2146284600F032
:10A04000E1F920B32046FDF76FFC04B3D4E9011019
:10A05000884203D22168095C2C29E0D062689042D2
:10A0600015D22168085C5D2811D102E0064635460C
:10A07000DDE7E068401EE0602020C7E90260A068DC
:10A08000401CA0600120BDE8F081FFE716B130461A
:10A09000FDF730FD0020F6E7034610B5002002462C
:10A0A000995CA1F13004092C01D830380AE0A1F103
:10A0B0004104052C01D8373804E0A1F16104052CD6
:10A0C00008D857380844032A00D20001521C042A39
:10A0D000E6D310BD002010BDF0B54FF000032DED0C
:10A0E000028B91B005460C004FF02E0718461093D6
:10A0F0003DD02168D9B36E4627E022681144425C06
:10A10000342A1BD00ADCA2F12B01092923D2DFE873
:10A1100001F015221517221515151500382A0DD036
:10A1200006DC352A0AD0362A08D0372A13D105E0B2
:10A13000392A03D0452A01D0652A0CD1325400E0D7
:10A140003754401C3F2806D22CB1A168D4F804C073
:10A150000A186245D1D3335410A93046FCF714FFD6
:10A160001098B0EE408AF0EE608A864204D100205A
:10A1700011B0BDEC028BF0BD9FED130B85ED068B8E
:10A1800053EC102B51EC180B02F078FD02D86FF055
:10A1900000400FE09FED0E0B51EC180B53EC102B11
:10A1A00002F032FC02D84FF0004003E051EC180BF3
:10A1B00002F08AFB68610820E8601099A068891B9A
:10A1C0000844A0600120D3E70000C0FFFFFFDF418B
:10A1D000000000000000E0C12DE9F0410746002624
:10A1E000C8680C463546B0F57A7F76D2401CE060F0
:10A1F000002C72D0D4E9011088426ED22168095C2B
:10A200007B296AD1401CA0602046FDF78DFBD4E974
:10A210000110884203D22268125C7D2A4CD0884209
:10A22000A0F10100A06058D204F110084046FDF7EB
:10A23000B6FCE8B3F6B1286045600546A068401C4E
:10A24000A0602046FDF770FB2146284600F047F845
:10A2500078B32046FDF768FB286928620020286152
:10A260003CB3D4E90110884234D22168095C3A2910
:10A2700030D102E006463546E0E7401CA0602046AB
:10A28000FDF752FB2146284600F0BCF888B1204675
:10A29000FDF74AFBD4E90110884203D22168095C2A
:10A2A0002C29C3D06268904214D22168085C01E076
:10A2B0000FE00FE07D280DD1E068401EE0604020F7
:10A2C000C7E90260A068401CA0600120BDE8F081E1
:10A2D00003E016B13046FDF70DFC0020F6E72DE94E
:10A2E000F84F8146D1F8088008684FF0000ACDF891
:10A2F00000A0D1F800C000EB0804651C1CF80800A1
:10A30000641C0E465746222876D10021706807E06B
:10A310005C2B04D1521C82426AD2491C641C641C0E
:10A32000A4EB0C02824202D22378222BF0D1A4EBC0
:10A330000C0282425CD22078222859D10CEB080012
:10A34000201A401A3169401C8847070054D00097F2
:10A350003DE029785C2905D000986D1C00F8011BB0
:10A36000009034E00221601B012841DB68786628F8
:10A3700014D008DC22281DD02F281BD05C2819D02F
:10A38000622835D108E06E280ED072280ED07428CD
:10A390000ED075282CD112E0082200E00C22009883
:10A3A00000F8012B009011E00A22F8E70D22F6E7F1
:10A3B0000922F4E7009A02F8010B009206E06A46CF
:10A3C0002146284601F00CFC010011D00D44A542A5
:10A3D000BFD3009981F800A01021C9E903173068A4
:10A3E000201A401CB0600120BDE8F88F04E0FFE7B0
:10A3F00017B171693846884715B13068281AB060BE
:10A400000020F1E770B50C0005465ED021680029F8
:10A410005BD0A0686368021D9A4205D808440422F4
:10A4200031A1F6F7BCFB78B3A0686268411D012634
:10A43000914206D82168052208442DA1F6F7AFFB0A
:10A4400028B3A0686268011D914206D821680422E1
:10A45000084429A1F6F7A3FBE8B1D4E90101814240
:10A4600003D22268525C222A1DD0814221D2226866
:10A47000525C2D2A02D0303A092A1AD821462846A1
:10A48000BDE87040FFF728BE0420E86006E0EE60FB
:10A49000A068401D04E002206E61E860A068001D15
:10A4A000A060012070BD21462846BDE87040FFF73E
:10A4B00016BF814203D22268525C5B2A07D08142D8
:10A4C00003D22068405C7B2807D0002070BD214665
:10A4D0002846BDE87040FFF779BD21462846BDE813
:10A4E0007040FFF779BE00006E756C6C00000000D4
:10A4F00066616C7365000000747275650000000091
:10A50000F0B50D68ADF51D7D0C4607464FF49C7601
:10A51000B5B1324629466846F6F7DDFB2068D0F82B
:10A5200038012060284601F047FC60683246401E32
:10A53000694660603846F6F7CEFB0DF51D7DF0BD2F
:10A5400031464EA8F6F71BFC32464EA9F2E7F0B5AD
:10A5500089B00F460646144624216846F6F70FFCDC
:10A560004FF480752168284688470597CDE9000596
:10A5700094E8070006AB83E80700009888B36946B3
:10A58000304600F0F3F940B3684600F097FFA26848
:10A5900000263AB102990098491C904705001CD04A
:10A5A000009617E002982168401C8847050014D0E7
:10A5B000DDE90110401C814201D20A4601E0029A05
:10A5C000521C28460099F6F741FB02982E54616808
:10A5D00000988847284609B0F0BD009808B1616826
:10A5E00088470020F7E72DE9F04185680C000FD07F
:10A5F00001212046FDF792FC00280AD05B21017062
:10A60000A068401CA060E068401C0027E06025E0D6
:10A610000020BDE8F0812146284600F0A7F9002877
:10A62000F7D0204600F04AFF2868B0B1606908B151
:10A63000022600E00126711C2046FDF76FFC002871
:10A64000E7D02C2100F8011B616911B1202100F82D
:10A65000011B0770A0683044A0602D68002DDAD17E
:10A6600002212046FDF75AFC0028D2D05D2101705E
:10A670004770E068401EE0600120CAE7F0B52DEDAC
:10A68000028B8BB090ED068B0E004FF000044FF064
:10A690002E071FD053EC182B1DA16846F5F7F2FFCB
:10A6A000054608AA1CA16846F6F7DAF9012808D180
:10A6B0009DED080B53EC182B51EC100B02F0C8F871
:10A6C00006D053EC182B15A16846F5F7DBFF0546BD
:10A6D0001A2D04D300200BB0BDEC028BF0BD691C19
:10A6E0003046FDF71BFC0028F5D06A462E2306E015
:10A6F000115DB94201D1035500E00155641CAC4223
:10A70000F6D300210155B0682844B0600120E2E78B
:10A7100025312E3135670000256C670025312E313B
:10A72000376700002DE9F04785680C0003D06069A9
:10A7300020B1022603E00020BDE8F0870126711C4D
:10A740002046FDF7EBFB0028F6D07B2100F8011B2B
:10A75000E1684FF00A08491CE160616909B180F8BD
:10A760000080A0684FF0000930440927A06053E042
:10A7700080B12046E168FDF7D1FB0028DCD0002144
:10A7800002E000F8017B491CE2688A42F9D8A0681F
:10A790001044A0602146286A00F060F80028CBD061
:10A7A000204600F08BFE606908B1022600E0012619
:10A7B00031462046FDF7B2FB0028BDD03A2100F813
:10A7C000011B616901B10770A06821463044A06097
:10A7D000284600F0CBF80028AED0204600F06EFEF0
:10A7E000606900B10120296801B101214618711C7E
:10A7F0002046FDF793FB00289ED0296811B12C213B
:10A8000000F8011B616909B100F8018B80F8009024
:10A81000A0683044A0602D686069002DA8D110B1F7
:10A82000E168491C00E002212046FDF777FB002883
:10A8300082D0616941B1002102E000F8017B491C2E
:10A84000E268521E8A42F8D87D21017080F801909A
:10A85000E068401EE06001206EE700002DE9F0474F
:10A860000A0006464FF0000402D026B1014620E05F
:10A870000020BDE8F08703211046FDF74FFB0028BC
:10A88000F7D037A1F6F748F95AE00C2827D006DCB4
:10A89000082824D0092822D00A2806D11FE00D2834
:10A8A0001DD022281BD05C2819D0202800D2641D7E
:10A8B000491C08780028E8D1881B0719F91C1046A4
:10A8C000FDF72CFB051ED4D04FF022084FF00009F5
:10A8D00085F800802CB16C1C4FF05C0A28E0641CE9
:10A8E000E6E73A463146681CF6F7B0F923E01F2840
:10A8F00003D9222801D05C2830D104F801AB32788A
:10A9000050460C2A23D006DC082A1ED0092A24D05F
:10A910000A2A06D11DE00D2A1DD0222A12D05C2A57
:10A920001CD010A12046F5F7ADFE241D641C761C3A
:10A9300030780028DBD1E81980F8018080F8029097
:10A94000012096E784F80080F0E7622006E06620A8
:10A9500004E06E2002E0722000E074202070E5E741
:10A9600022220000752530347800000070B5040004
:10A970000D4613D095B1207B102843D008DC012868
:10A9800016D002281ED004280AD0082806D121E0BB
:10A9900020283CD040283FD0802820D0002070BD07
:10A9A00005212846FDF7BAFA0028F8D01DA106E0D7
:10A9B00006212846FDF7B2FA0028F0D01BA1F6F7D1
:10A9C000ABF81DE005212846FDF7A8FA0028E6D0DF
:10A9D00018A1F4E72046BDE87040FFF74FBE20699C
:10A9E0000028DCD0F6F7BCF8401C06460146284695
:10A9F000FDF794FA0028D2D032462169F6F726F9FD
:10AA0000012070BD2069BDE87040FFF727BF2046D8
:10AA1000BDE87040FFF7E7BD2046BDE87040FFF796
:10AA200081BE00006E756C6C0000000066616C7386
:10AA30006500000074727565000000002DE9FC5F80
:10AA400089468046062901D242A018E0A9F10601F4
:10AA50000020DFF81CB1019177E018F80010D3292D
:10AA600070D108EB00067278B17802F0030241EA77
:10AA70000225AC1D00EB040ACA4504D93DA0BDE87F
:10AA8000FC5FF5F7F3BD411901EB0800C1780279CD
:10AA9000090441EA02274079E91C07433046FDF7E3
:10AAA00019F9B84248D138A0F5F7E0FD601C00F074
:10AAB00029FA314622460090F6F7C8F8B42C10D295
:10AAC00038498BF80140224609780BF10200C90091
:10AAD0008BF800100099F6F7B9F8254800F076FBDE
:10AAE00022E000273C461DE0281BB421FEF7D0FDE4
:10AAF000064607F01F01B42801DA202000E00020FC
:10AB000001438BF800108BF8016000997F1CFFB2A5
:10AB1000214432460BF10200F6F798F8144800F091
:10AB200055FB3444AC42DFDB009801F045F91D4889
:10AB30000178491C017002E01BA0F5F797FDAAF10E
:10AB4000010080B2401C019980B2884285DBBDE8DB
:10AB5000FC9F000064617461206C656E67746820FE
:10AB600069736E6F7420656E6F7567680A00000008
:10AB7000E40C00207761697420666F72206D6F723B
:10AB80006520646174650A00706172736520727477
:10AB9000636D2064617461207375636365737365AD
:10ABA000640D0A007E0000207274636D2063686586
:10ABB000636B206661696C65640A00002DE9F041F1
:10ABC000184E0F460446F5683068001D01F070F815
:10ABD00038B9306890F82C100120884031698143E1
:10ABE0003161601C07D137B13168BDE8F0410E48D2
:10ABF000091D01F0A1B830682C44AC4244603168B2
:10AC000005D2B06BBDE8F041091D01F07DB8706B55
:10AC1000091D01F079F8B06A844200D2B462BDE83F
:10AC2000F0810000C0000020CC1B00202DE9F04185
:10AC3000054601F08DF82E4EB068401CB0603068BB
:10AC40002C4F10B1706940B32DE03560B068012819
:10AC500029D1002404EB840007EB800001F046F8C2
:10AC6000641C072CF6D323488C3001F03FF82148B0
:10AC7000A03001F03BF81F48B43001F037F81D4810
:10AC8000C83001F033F81B48DC3001F02FF81948C8
:10AC90008C3070631430B06305E03068E96AC06AD4
:10ACA000884200D83560706A0121401C7062E86AF1
:10ACB000326981401143316100EB800007EB800075
:10ACC000291D01F039F801F063F8706900280CD0F3
:10ACD0003068E96AC06A884207D207494FF080505D
:10ACE0000860BFF34F8FBFF36F8FBDE8F0810000A6
:10ACF000C0000020F01A002004ED00E010B504466A
:10AD000090F8610058B101280CD002280FD05020D3
:10AD100080F31188BFF34F8FBFF36F8FFEE7206B77
:10AD200001F04AF82046BDE8104001F045B810BDDA
:10AD300010484FF4A031420706D0C01D0D4920F045
:10AD40000700411AC1F5A0310B4A00230144C2E9B2
:10AD500000030839183A21F0070111604B600B60BD
:10AD60000B1AC0E9001393604FF00040536050612C
:10AD700070470000E01B002014010020134E144D0A
:10AD8000A6F1C8074FF08058DFF8489011E000F0B6
:10AD9000DFFFF068C468201D00F08AFFA868401E2D
:10ADA000A8606868401E686000F0F2FF2046FFF768
:10ADB000A5FF68680028EAD138680128F9D9C9F8E0
:10ADC0000080BFF34F8FBFF36F8FF2E7B81B0020F7
:10ADD000C000002004ED00E02DE9F0479A46DDE9CF
:10ADE000098481466FF00303206B03EB8202104459
:10ADF000089D20F00706700707D0502080F31188C7
:10AE0000BFF34F8FBFF36F8FFEE7002761B10020C4
:10AE100023180A5C83F834200A5C12B1401C2028F5
:10AE2000F6D384F8537001E084F83470072D00D312
:10AE30000625E562C4E91557201D00F062FF04F104
:10AE4000180000F05EFF2461C5F107006462A06194
:10AE5000E76584F8607052464946304600F0C0F815
:10AE60002060B8F1000F01D0C8F80040BDE8F087BD
:10AE700030B5114900E011460A688242FBD34B68A5
:10AE80005C18844203D1406818444860084643680F
:10AE90001C18944209D1084C183C2468A24209D0DD
:10AEA00052681A4442600A6812680260814200D007
:10AEB000086030BD0460F9E7140100200648416BCA
:10AEC000096829B1416BC968C968496881627047DE
:10AED0004FF0FF31FAE70000C0000020084840684A
:10AEE000401C4FF0500080F3118804D0BFF34F8F07
:10AEF000BFF36F8FFEE7BFF34F8FBFF36F8FFEE798
:10AF00001C0100202DE9F0410546002601F03CF827
:10AF1000324F386808B9FFF70BFF786905424ED108
:10AF2000C5B3083568070ED005F00700C0F108006A
:10AF30000544680707D0502080F31188BFF34F8F76
:10AF4000BFF36F8FFEE72DB37868854237D823496A
:10AF500018310846046801E0214604466068A842AA
:10AF600002D220680028F7D13868844227D00E68C2
:10AF70002068086060680836411B10290FD96019E5
:10AF8000420708D0502080F31188BFF34F8FBFF3E2
:10AF90006F8FFEE713E041606560FFF769FF61684E
:10AFA0007868401A7860BA68904200D2B8607869D0
:10AFB00001430020C4E90001F868401CF86001F07A
:10AFC00067F9700707D0502080F31188BFF34F8FC7
:10AFD000BFF36F8FFEE73046BDE8F081FC00002034
:10AFE00010B5031F4FF080741C601B1F21F001017E
:10AFF0001960191F044B0B6014390A60091F6FF0A8
:10B00000020244380A6010BDDDAE000870B5FCF7DE
:10B010004DFD05461E4A1FA1FCF7D8FC1FA222A128
:10B020002846FCF7D3FC224A22A12846FCF7CEFC96
:10B03000174C203CE06801F08DFC41EC100B1EA188
:10B040002846FCF7ABFCA07801F084FC41EC100B27
:10B050001CA12846FCF7A2FC04F12A021BA12846E9
:10B06000FCF7B4FC04F1340219A12846FCF7AEFC4D
:10B07000184A19A12846FCF7A9FC19A219A12846CB
:10B08000FCF7A4FC2846BDE8704004A100F02EB8EF
:10B0900060000020746F6B656E0000002F4A6F62C5
:10B0A0002F526561647900007479706500000000BA
:10B0B000BC150020736E00006475726174696F6E58
:10B0C00000000000636C69656E7400006376000028
:10B0D00066760000A8000020666C796E756D000031
:10B0E00034470000736F7572636500002DE9F0410D
:10B0F0000D460646FCF7D4FD0746F5F731FDC01DA9
:10B10000FFF700FF040024D01DA12846F5F75EFEDE
:10B1100020B31EA12046F5F7FFFC39462046F5F77F
:10B1200089FD1BA12846F5F751FEC8B12046F5F769
:10B1300017FD401C81B22046FAF7CEFB3046FCF7E3
:10B14000D9FC384600F038FE2046BDE8F04100F05A
:10B1500033BEBDE8F04111A0F5F788BA16A1D9E7D2
:10B1600016A0F5F783FA2046F5F7FAFC401C81B2E9
:10B170002046FAF7B1FB03210120F9F7E5FEDDE7F0
:10B180002F4A6F622F52656164790000322C0000F3
:10B190002F4A6F622F547261636B00004D656D6FB3
:10B1A000727920616C6C6F636174696F6E20666187
:10B1B000696C65640A000000312C000073656E64E0
:10B1C00020747261636B0D0A00000000F0B5ADF5EC
:10B1D0003D7D10F8011B04AC10F8012B8DF83812DE
:10B1E0008DF839220DF23A23B42128B30A460146DC
:10B1F0001846F5F72BFDB6228EA904F11000F5F7DD
:10B200006AFD0698B625C0B200F5694006902E4644
:10B2100023278DE8E00000212046094B0A46FDF770
:10B22000D7FA04A94EA8FDF7F7FD01464EA8FAF794
:10B23000DFFA0DF53D7DF0BD1846F5F77EFDDAE746
:10B24000840C0020FCF7DEBE08B56946FCF7C6FE9C
:10B250009DF8000008BD00B52DED048B83B041ECD6
:10B26000190B01F0A7FD41EC180B18EE100A18EEAF
:10B27000901A8DED008B002818BF0120084320F0A4
:10B280000040C0F17F6000F1E040C00F14D019EE23
:10B29000101A19EE900A8DED009B002918BF0121AC
:10B2A000084320F00040C0F17F6000F1E040C00F93
:10B2B00004BF0120F5F772FE51EC180B03B0BDEC92
:10B2C000048B00BD70B5FCF7F1FB0546274A28A1A9
:10B2D000FCF77CFB28A22BA12846FCF777FB2B4A26
:10B2E0002BA12846FCF772FB20482038006901F0AA
:10B2F00031FB41EC100B27A12846FCF74FFBFCF774
:10B300007BFF01F03BFB41EC100B23A12846FCF72F
:10B3100045FB224C22A1284694ED100BFCF73EFB86
:10B3200094ED0E0B1FA12846FCF738FBA06C01F032
:10B33000F7FE41EC100B1CA12846FCF72FFB9FEDFC
:10B340001B0B1CA12846FCF729FB1C4A1CA1284604
:10B35000FCF73CFB1CA21DA12846FCF737FB284646
:10B36000BDE8704004A1FFF7C1BE000060000020EE
:10B37000746F6B656E0000002F4A6F622F5374610B
:10B38000727400007479706500000000BC15002024
:10B39000736E0000696400007374000028010020CF
:10B3A0006C6174006C6F6E00616C740000000000D2
:10B3B0000000144073706163696E6700A80000208C
:10B3C000666C796E756D000034470000736F75729E
:10B3D0006365000010B50A480A4A017812781142E4
:10B3E0000CD000210170FFF76DFF07A0F5F73EF9C3
:10B3F000BDE810404FF4FA60FEF7B2BD10BD00008A
:10B4000081000020820000207374617274546173A3
:10B410006B0D0A002DE9F043ADF5177DDFF8908044
:10B420000027ADF84A7208F160093BE02148FFF7B8
:10B430000BFF214905460DF5107C0E7A46AB06EB55
:10B44000460106EB860000EB461608EBC10409EB4B
:10B45000C6062A4621463046CDF800C0FDF75EFB01
:10B46000022811D003280FD0E0B14FF48C724AA902
:10B470006846F5F730FC46AC94E80F00FCF712FF85
:10B480000DF5177DBDE8F083A1783046491CA17009
:10B4900001212770E170FD2D04D10221E170C770F8
:10B4A000FEF7E4F80348FFF7CDFE0028BED1E7E73A
:10B4B000D0150020B00D00208000002010B5040041
:10B4C00009D02068002806D0A1680844F5F748FB99
:10B4D000A1680844A06010BD2DE9F0412DED0C8B52
:10B4E000ADF51C7DFCF7E2FA8046FCF787FA0746CB
:10B4F000DD4ADEA14046FCF769FADEA2E0A1404643
:10B50000FCF764FAE04AE1A14046FCF75FFAE0A2EA
:10B51000E0A14046FCF75AFAD34C203C606801F0A9
:10B5200019FA41EC100BDDA14046FCF737FAA06890
:10B53000411CA16001F00EFA41EC100BD8A140466D
:10B54000FCF72CFA00244FF49C769FEDD6DB9FEDA0
:10B55000D7AB9FEDD8BB9FEDD9CBDA496846FCF756
:10B5600039FE324669464EA8F5F7B5FBFCF79EFA60
:10B570000546B0EE4D1AF0EE6D1AB0EE4A0AF0EE46
:10B580006A0AFAF7C5FDB0EE409AF0EE609AB0EEA6
:10B590004B1AF0EE6B1AB0EE4A0AF0EE6A0AFAF7AE
:10B5A000B7FDB0EE408AF0EE608A4E9801F0B8FD2B
:10B5B00053EC182B01F064FA41EC100BFBF7D0FBB5
:10B5C00053EC192B51EC100B00F0EAFF41EC100B7F
:10B5D000BDA12846FCF7E2F9B0EE4C1AF0EE6C1A69
:10B5E000B0EE4A0AF0EE6A0AFAF792FDB0EE408A2F
:10B5F000F0EE608AB0EE4C1AF0EE6C1AB0EE4A0A29
:10B60000F0EE6A0AFAF784FD9DED5E1B51EC100B1B
:10B6100053EC112B01F034FA41EC100BFBF7A0FBBB
:10B6200053EC182B51EC100B00F0BAFF41EC100B4F
:10B63000A6A12846FCF7B2F9B0EE4D1AF0EE6D1A4D
:10B64000B0EE4A0AF0EE6A0AFAF762FDB0EE409AEE
:10B65000F0EE609AB0EE4B1AF0EE6B1AB0EE4A0ABA
:10B66000F0EE6A0AFAF754FDB0EE408AF0EE608A16
:10B670004F9801F055FD53EC182B01F001FA41EC05
:10B68000100BFBF76DFB53EC192B51EC100B00F07A
:10B6900087FF41EC100B8EA12846FCF77FF9B0EE36
:10B6A0004D1AF0EE6D1AB0EE4A0AF0EE6A0AFAF799
:10B6B0002FFDB0EE409AF0EE609AB0EE4B1AF0EE2D
:10B6C0006B1AB0EE4A0AF0EE6A0AFAF721FDB0EE04
:10B6D000408AF0EE608A609801F022FD53EC182B4E
:10B6E00001F0CEF941EC100BFBF73AFB53EC192BB0
:10B6F00051EC100B00F054FF41EC100B75A12846E3
:10B70000FCF74CF9B0EE4D1AF0EE6D1AB0EE4A0AA5
:10B71000F0EE6A0AFAF7FCFCB0EE409AF0EE609A9E
:10B72000B0EE4B1AF0EE6B1AB0EE4A0AF0EE6A0A6F
:10B73000FAF7EEFCB0EE408AF0EE608A509801F025
:10B74000EFFC53EC182B01F09BF941EC100BFBF7CD
:10B7500007FB53EC192B51EC100B00F021FF41ECCF
:10B76000100B5DA12846FCF719F9B0EE4D1AF0EE6A
:10B770006D1AB0EE4A0AF0EE6A0AFAF7C9FCB0EEAA
:10B78000408AF0EE608AB0EE4B1AF0EE6B1AB0EE23
:10B790004A0AF0EE6A0AFAF7BBFCB0EE409AF0EE05
:10B7A000609A519801F0BCFC53EC192B01F068F938
:10B7B00041EC100BFBF7D4FA53EC182B51EC100BA7
:10B7C00000F0EEFE41EC100B44A12846FCF7E6F831
:10B7D000B0EE4C1AF0EE6C1AB0EE4A0AF0EE6A0ABD
:10B7E000FAF796FCB0EE408AF0EE608AB0EE4C1AA2
:10B7F000F0EE6C1AB0EE4A0AF0EE6A0AFAF788FC2C
:10B800009DED5C1B51EC100B53EC112B01F038F942
:10B8100041EC100BFBF7A4FA53EC182B51EC100B76
:10B8200000F0BEFE41EC100B11A12846FCF7B6F863
:10B8300029463846FCF7A6F822496846FEF760FE1E
:10B84000641CE4B2052CFFF488AE3A4624A14046BD
:10B85000FCF79AF807A14046FFF748FC0DF51C7D60
:10B86000BDEC0C8BBDE8F08160000020746F6B654F
:10B870006E0000002F4A6F622F547261636B0000EC
:10B880007479706500000000BC150020736E000024
:10B8900034470000736F7572636500006A6F620061
:10B8A00069000000000000000000F03F0000000000
:10B8B00000002440000000000000004000000000E4
:10B8C00000001C4014000020700000006100000017
:10B8D0007200000068000000790000006C000000A9
:10B8E000747261636B00000010B54FF496749AB0E7
:10B8F000224643A143A000F051F9224642A140A0B4
:10B9000000F04CF928B141A0F4F7B0FE01201AB0C4
:10B9100010BD4FF4FA64224640A141A000F03EF968
:10B9200022463EA141A000F039F922463BA144A0A5
:10B9300000F034F9224639A146A000F02FF9224642
:10B9400036A14CA000F02AF9224634A150A000F004
:10B9500025F9224631A153A000F020F9564A57A1FB
:10B960006846F4F78FFE694658A0F4F77FFE22463A
:10B970002AA1684600F012F964216846F5F7FFF93C
:10B98000224626A153A000F009F9224623A155A082
:10B9900000F004F9224621A156A000F0FFF8464A23
:10B9A0005BA16846F4F76EFE434962A0F4F75EFEC1
:10B9B00022461AA1684600F0F1F864216846F5F7BE
:10B9C000DEF93D4A5FA16846F4F75CFE224613A10A
:10B9D000684600F0E3F8224610A163A000F0DEF80C
:10B9E00064216846F5F7CBF922460CA165A000F06A
:10B9F000D5F8224609A167A000F0D0F8002086E71C
:10BA0000610000002B2B2B002B6F6B00436F6E66C9
:10BA10006967206661696C65640D0A004F4B000020
:10BA200041542B453D4F46460D0A000041542B57CB
:10BA30004B4D4F443D4D5154542C4E4F520D0A0026
:10BA400041542B4845415254454E3D4F46460D0A00
:10BA50000000000041542B4D5154545356523D3474
:10BA6000372E3131322E3230342E36382C313838B0
:10BA7000330D0A0041542B4D515454555345523DFA
:10BA8000616E746721403231313532300D0A000069
:10BA900041542B4D5154545053573D61646D696E60
:10BAA0000D0A000041542B55415254464C3D343050
:10BAB00039360D0A00000000BC15002041542B4D02
:10BAC0005154544349443D25730D0A0025730D0A12
:10BAD0000000000041542B4D5154545645523D3402
:10BAE0000D0A000041542B4D5154544D4F443D31EB
:10BAF0000D0A000041542B4D51545450554254509E
:10BB00003D312C312C2F4A6F622C302C300D0A0025
:10BB100041542B4D51545450554254503D322C31C8
:10BB20002C2F4A6F622F25732F34472C302C300D69
:10BB30000A000000736E20736574203D2025730D8C
:10BB40000A00000041542B4D515454535542545057
:10BB50003D312C312C2F6465766963652F25732F59
:10BB600034472C300D0A000041542B4D515454538E
:10BB7000554254503D322C312C2F6770732C300DB0
:10BB80000A00000041542B5541525446543D323076
:10BB90000D0A000041542B530D0A000070B51446E5
:10BBA0000D460646F9F7CAFE31460CA0F9F79EFE8F
:10BBB0003DB134B1F9F7B6FE38B12946F4F76EFF5E
:10BBC00008B1002070BDF9F7B9FE0120641EF7F737
:10BBD000B9FD002CEED1012070BD000025730000DE
:10BBE0002DE9F04707460026C81B1446894606285B
:10BBF0005CDBB81CFEF750FA0546A0F55C404FF43C
:10BC00008061884252D3A5F558408A4650451AD2E1
:10BC1000B81DA9EB00014FF00C08062946DB01789E
:10BC20005C2943D14178752940D1801CFEF734FA54
:10BC3000A0F55C41514539D2C5F3090161F39F205C
:10BC400000F5803002E04FF006082846802801D237
:10BC5000012210E0B0F5006F02D20222C0260AE0F5
:10BC6000B0F5803F02D20322E02604E0B0F5881F41
:10BC70001CD20422F026511E07E000F0BF03256805
:10BC800043F0800380096B54491E11F0FF01F4D189
:10BC9000012A01D9304301E000F07F0021680870DB
:10BCA0002068104420604046BDE8F0870020FBE794
:10BCB000D0E9013201699A60D0E901235A604A68EB
:10BCC000824201D182684A60002202610868401EF7
:10BCD0000860086870470000034B036003F16400CC
:10BCE00008608020106070476002002000F10801A9
:10BCF0004FF0FF32C0E90112C16001610021016013
:10BD0000704700210161704730B50C68621C02D099
:10BD100000F1080202E0026904E01A4653681D6857
:10BD2000A542FAD953684B6099608A6051600861F6
:10BD30000168491C016030BD42684A6093688B60AD
:10BD400093685960916008610168491C01607047FF
:10BD5000502080F31188BFF34F8FBFF36F8F0A49D4
:10BD60004868401C486001280CD10848006810F061
:10BD7000FF0F07D0502080F31188BFF34F8FBFF320
:10BD80006F8FFEE7704700001C01002004ED00E00B
:10BD90000849486828B1401E486001D180F31188E5
:10BDA0007047502080F31188BFF34F8FBFF36F8F20
:10BDB000FEE700001C01002070B500282AD0164DB7
:10BDC000A0F1080460686969084207D1502080F337
:10BDD0001188BFF34F8FBFF36F8FFEE722683AB130
:10BDE000502080F31188BFF34F8FBFF36F8FFEE7B2
:10BDF0008843606000F0C8F860686968084468605B
:10BE00002046FFF735F82869401C2861BDE87040DE
:10BE100000F03EBA70BD0000FC0000204FF0E020B2
:10BE200000210161816105494FF47A720968B1FB13
:10BE3000F2F1491E4161072101617047BC000020F9
:10BE400010B5020014D00F48006B38B1502080F3B9
:10BE50001188BFF34F8FBFF36F8FFEE700F094F8A8
:10BE600000211046FEF7AAFE00F012FA002807D1C2
:10BE700005494FF080500860BFF34F8FBFF36F8FBD
:10BE800010BD0000C000002004ED00E070B50E46BB
:10BE900005004FF000030BD096B11E4A106BB8B1ED
:10BEA000502080F31188BFF34F8FBFF36F8FFEE7F1
:10BEB000502080F31188BFF34F8FBFF36F8FFEE7E1
:10BEC000502080F31188BFF34F8FBFF36F8FFEE7D1
:10BED00000F05AF8D2682C68A119944202D98C4219
:10BEE00002D804E08C4201D8914200D90123296094
:10BEF0001BB1881A0021FEF761FE00F0C9F9002885
:10BF000007D105494FF080500860BFF34F8FBFF352
:10BF10006F8F70BDC000002004ED00E010B586B04A
:10BF20000024039405AA04A903A80494FFF7D4FEEF
:10BF3000DDE903010094CDE9011000230EA11048B2
:10BF4000059A00F0FEF80F490028C86211D0502071
:10BF500080F31188BFF34F8FBFF36F8F4FF0FF3027
:10BF6000886201204861CC6006B0BDE8104000F056
:10BF700041B806B010BD000049444C450000000027
:10BF80007DAD0008C00000200248016B491C016320
:10BF900070470000C0000020144A106B10B101204F
:10BFA000D06170470020D06110691149B0FA80F06B
:10BFB000C0F11F0000EB800051F820306BB101EBA5
:10BFC000800000F10803416849684160994201D14D
:10BFD00049684160C86810607047502080F311883C
:10BFE000BFF34F8FBFF36F8FFEE70000C00000204C
:10BFF000F01A00201CB537480168374A914207D132
:10C00000502080F31188BFF34F8FBFF36F8FFEE78F
:10C0100000683149491E884207D1502080F31188B9
:10C02000BFF34F8FBFF36F8FFEE72C490878019065
:10C03000FF20087008788DF800009DF800009DF83A
:10C04000002000F0F000904207D0502080F31188CB
:10C05000BFF34F8FBFF36F8FFEE79DF80000204CBA
:10C0600000F0500020700720A06006E0401EA06095
:10C070009DF8000040008DF800009DF800000006CB
:10C08000A068F3D4032807D0502080F31188BFF3B1
:10C090004F8FBFF36F8FFEE74FF44070A0600198A1
:10C0A00008700C482030016841F47001016001689B
:10C0B00041F070410160FFF7B1FE00206060F4F7CD
:10C0C00031F90848016841F040410160F4F716F980
:10C0D00000201CBD00ED00E071C20F4100E400E053
:10C0E0001C01002034EF00E02DE9FF5F8346DDE90D
:10C0F0000E87994616468A469000FEF703FF050014
:10C100001CD06420FEF7FEFE040014D0002025633E
:10C1100084F86100CDE90240CDE900874B46324604
:10C1200051465846FEF758FE2046FEF77FFD012097
:10C1300004B0BDE8F09F2846FFF73EFE4FF0FF3009
:10C14000F6E7F0B585B00546DDE90B040A9EA8B117
:10C15000E4B1642700972063022084F86100002086
:10C16000CDE9024004AF2846CDE90067FEF734FE72
:10C170002046FEF75BFD049805B0F0BD502080F32B
:10C180001188BFF34F8FBFF36F8FFEE7502080F30E
:10C190001188BFF34F8FBFF36F8FFEE705484169EA
:10C1A00019B1006B18B100207047012070470220C0
:10C1B00070470000C00000200148C06870470000C0
:10C1C000C00000202DE9F0412F4F0026386B28B128
:10C1D000B869401CB8613046BDE8F081FD686D1C4F
:10C1E000FD6013D1786B006838B1502080F311885E
:10C1F000BFF34F8FBFF36F8FFEE7786BB96B796337
:10C20000B863386A401C3862FEF758FEB86ADFF837
:10C210007C80854209D3786B0068A0B1786BC068D8
:10C22000C4686068854211D2B8623868C06A00EBA1
:10C23000800158F82100012800D90126F86900285A
:10C24000C9D00126C7E74FF0FF30EDE7201DFFF70B
:10C250002FFDA06A18B104F11800FFF729FDE06A6C
:10C2600001213A6981401143396100EB800108EBFB
:10C270008100211DFFF760FDE06A3968C96A8842C4
:10C28000C9D30126C7E70000C0000020F01A002033
:10C290002DE9F0472C4D00242746286B38B1FFF7D5
:10C2A00057FD286B401E2863286B40B146E05020A4
:10C2B00080F31188BFF34F8FBFF36F8FFEE7A8683D
:10C2C00022490126D0B3A1F1B4098846D8F800105C
:10C2D000E9B1D8F80C00C46804F11800FFF7E8FCD5
:10C2E000201DFFF7E5FCE06A2A6906FA00F1114318
:10C2F000296100EB800109EB8100211DFFF71CFD86
:10C30000E06A2968C96A8842E0D3EE61DEE70CB1D1
:10C31000FEF7D4FDAC693CB1FFF754FF00B1EE610C
:10C32000641EF9D10020A861E86938B108490127E5
:10C3300038070860BFF34F8FBFF36F8FFFF728FDFB
:10C340003846BDE8F0870000C0000020A41B002094
:10C3500004ED00E010B500290AD00878002807D0C5
:10C3600005487844F4F732FD002801D0002010BDC4
:10C370000248784410BD00004E250000462500000C
:10C3800010B500290AD00878002807D0054878445D
:10C39000F4F71CFD002801D0002010BD02487844AD
:10C3A00010BD0000322600002A26000081F0004166
:10C3B000704780F00040704721F00041704720F046
:10C3C0000040704721F00042A2F16052B2F5801F98
:10C3D00001F0004328BFD2F17F6C0BD95FEA001C4B
:10C3E00043EAC20242EB507018BF704728BF20F0EA
:10C3F00001007047B2F5801FBCBF184670474FEA76
:10C40000410C1CF5001F02D2084600F0FFBE70B5BB
:10C4100000F0E0FB00000089FFF7F6BF4FF000409E
:10C42000A0F580007047000010B591EA030F48BFE7
:10C4300083F0004300F19285841A71EB030C05D25E
:10C44000121943EB0C03001B61EB0C01DFF824E134
:10C450004FEA1154A4EB135C1EEA430F18BF9EEA87
:10C46000445F73D023EA0E03DCF1200E21EA04516D
:10C4700043F4801332D322FA0CFE10EB0E0023FAA1
:10C480000CFE41EB0E01CCF1200E03FA0EFE10EB78
:10C490000E0051F10001B1F5801FCCF1200E32D217
:10C4A00001EB045112FA0EF2BDE8104058BF70477C
:10C4B000401C38BF5FEA420218BF7047002814BF13
:10C4C00020F0010041F100014FEA410313F5001F84
:10C4D00038BF7047A1F1C04100F0CABB012A43EB4D
:10C4E0000302ACF1200CDCF11F0E32BF4FF0000E46
:10C4F00023FA0CF310EB030041EB0451B4EB115F92
:10C50000D0D0A1EB045101F5801149085FEA300059
:10C5100001EB04510ED350F1000038BF12FA0EFEA9
:10C5200008D1BDE81040C9E7401C38BF5FEA4202AD
:10C53000CAD1C3E7BDE810404FEA410313F5001F1D
:10C5400038BF7047A1F1C04100F092BB9EEA445F42
:10C5500008D011EA5E0FBDE8104004BF01F00041B1
:10C5600000207047BDE8104070B500F033FB00BFFD
:10C5700064FBBE3E0000E0FF02494FF0000000F007
:10C580008DBE00BF0000F87F491058BFC1F1404187
:10C590005B1058BFC3F140438B42EFF300807047FC
:10C5A0002DE9C04130B4DFF8A0C23CEA111418BF35
:10C5B0003CEA131400F0EC8081EA03051CEA111434
:10C5C00044EAD57418BF1CEA131500F0C780A4EB29
:10C5D00005044FF0004545EAC12145EAC32341EA7D
:10C5E000505143EA525304F17F74994204F50034E8
:10C5F0004FEAC0204FEAC22208BF904200F09C8060
:10C600004FEA13650FF24016765D4FEA134506FBBD
:10C6100005F7C7F1807706FB07F74FEAD737A7FB87
:10C6200003687642C8F58038A7FB06CE38BFA8F16C
:10C63000010807FB08E64FF0000EA6FB028CE6FBA4
:10C6400003CEDCF1000CCEF1004E38BFAEF1010E8E
:10C65000A6FB0C584FF000074FF00005E6FB0E87D5
:10C66000A1FB08C6A0FB07CE16EB0E0645F10005A0
:10C67000E1FB076515F1E04E7EBFA4F580345FEA6B
:10C6800046066D4116F1800745F100054FEA172770
:10C690004FEA066647EA0567A6F1DE46B6F1805F17
:10C6A0004FEA15251FD9384624F0010C05EBC4715B
:10C6B000BCF1FE6F01EB0C1102D8F0BCBDE80081AB
:10C6C00024425CBF01F5801E9EEAC47F02D4F0BC08
:10C6D000BDE80081244238D4F0BCA1F1C041BDE8DE
:10C6E000004100F0C5BA4FEAD22242EA43524FEA73
:10C6F000D323A7FB02864FEAD02040EA415007FB34
:10C7000003661EEA0E0F4FEAD12105FB026658BFF1
:10C71000A6EB0056B6EB00564FEA520E4EEAC37E29
:10C7200018EB0E0E56EB530EBDD518EB02085E410A
:10C730007F1C55F10005B6E74FF480154FF0000758
:10C740004FF000064FF00008ADE7F0BC4FF00000DE
:10C7500001F1C04101F00041BDE8008111EA0C1F68
:10C760000CEA131500D00CE013EA0C1F00F0258032
:10C770004FF00000F0BC81EA030101F00041BDE888
:10C780000081F0BCBDE8004181EA030100F070BA0D
:10C79000F0BCBDE8004170B500F01CFA097EFC3E1B
:10C7A00000F007B881EA03014FF0000001F00041FA
:10C7B000704781EA030100F05BBAF0BCBDE80041BC
:10C7C0004FF0000021497047FFFDFBF9F7F5F4F247
:10C7D000F0EEEDEBE9E8E6E4E3E1E0DEDDDBDAD81C
:10C7E000D7D5D4D3D1D0CFCDCCCBCAC8C7C6C5C47A
:10C7F000C2C1C0BFBEBDBCBBBAB9B8B7B6B5B4B391
:10C80000B2B1B0AFAEADACABAAA9A8A8A7A6A5A47B
:10C81000A3A3A2A1A09F9F9E9D9C9C9B9A9999983F
:10C820009797969595949393929191908F8F8E8EE2
:10C830008D8C8C8B8B8A898988888787868585846F
:10C8400084838382828181800000FF070000F87F5B
:10C8500051EA030C17D41CF5801F58BFBCF5801F8C
:10C8600000F10680994218BF704708BF9042704798
:10C8700007D711F5801F58BF13F5801F19D49942AF
:10C880007047894270471CF5801F08D5BCF5801F92
:10C89000F7D58B4218BF704708BF824270474FF4EC
:10C8A000001C1CEB410F38BF1CEB430F01D28B4225
:10C8B000704770B500F08EF9922449004FF0005196
:10C8C0004FF08053FFF760BE4FEA41034FEA5353E6
:10C8D000A3F58063D3F11E03C8BFD3F1210C0CDD97
:10C8E0004FF0004242EAC12242EA505232FA03FCBF
:10C8F0008CEAE17CACEBE1707047102BC4BF0020E8
:10C90000704703F5787CBCF1FF3F04D06FF0004224
:10C9100082EA2100704770B500F05CF949922480EA
:10C9200000207047F2E710F0004248BF4042B0FAE2
:10C9300080F310FA03F10AD0C3F11D0303F58063FD
:10C940004FEA415002EB035202EBD12170474FF006
:10C9500000007047B0FA80F310FA03F10AD0C3F177
:10C960001D0303F580634FEA41504FEA035202EB87
:10C97000D12170474FF0000070470000B1FA81F3F9
:10C980000B3B20D3994010D1B0FA80F310FA03F199
:10C9900008BF7047C3F11D0303F580634FEAD1223E
:10C9A0004FEA415002EB03517047C3F1200C20FACB
:10C9B0000CFC9840C3F1320303F5806341EA0C019B
:10C9C00001EB0351704710B5C3F10004C3F1320C01
:10C9D000C4F1200E0CF5806201FA0EFC21FA04F17C
:10C9E00000FA0EF3E040BDE8104040EA0C0001EB15
:10C9F000025138BF7047401C41F100015B0008BF85
:10CA000020F001007047000051EA030C17D41CF518
:10CA1000801F58BFBCF5801F00F10680994218BFE7
:10CA2000704708BF9042704707D711F5801F58BF65
:10CA300013F5801F19D499427047894270471CF53D
:10CA4000801F08D5BCF5801FF7D58B4218BF7047F3
:10CA500008BF824270474FF4001C1CEB410F38BFE7
:10CA60001CEB430F01D28B42704770B500F0B2F857
:10CA7000922449004FF000514FF08053FFF784BDDE
:10CA8000DFF848C170B51CEA111E1EBF1CEA131561
:10CA90009EEA0C0F95EA0C0F00F06F8081EA030408
:10CAA00023EA4C134EEAD47E21EA4C1141F4801162
:10CAB00043F48013AE44A1FB024CA0FB0365AEF12E
:10CAC0007F7E361955EB0C05A1FB034C4CF100039E
:10CAD000A0FB021C16EB0C06654153F10003094252
:10CAE00018BF46F0010613F4007F0BD14FEA033163
:10CAF0004FEA0530340341EA155140EA16506FF011
:10CB000003020AE04FEAC3214FEAC520F40241EADA
:10CB1000555140EA56506FF0020202EB2E4201EBF3
:10CB2000025585EACE710AD05FEA440C18BF24F0A2
:10CB3000004450F1000041F1000120EAD47040F2BD
:10CB4000FE7C624500D270BDA84214BF4FF0804405
:10CB50004FF04044002E08BF0024BEF1806FA8BFF4
:10CB6000A1F1C041BDE8704080F282804FF000002A
:10CB700001F1C04101F0004170479EEA0C0F0CEA40
:10CB8000131518BF95EA0C0F06D04FF0000081EA8C
:10CB9000030E0EF0004170BD00F01CF88900013E4C
:10CBA00000F007B800F009B84FEA430C5FEA5C5C9C
:10CBB00008D081EA030100F05BB84FEA410C5FEA5C
:10CBC0005C5CF6D14FF00000014970470000FF07A0
:10CBD0000000F87F0EF1020E2EF0030E5EF8046BDB
:10CBE000364205D4012A43EB030515F5001F12D880
:10CBF000012841EB010C1CF5001F0CD80ED14FEAA7
:10CC0000D17C15F5001F0CEB4C0C0CF1020C08BF8D
:10CC10004CEBD37C04E04FF0080C01E04FEAD37CEE
:10CC20000CEB4C0526FA05F606F00706B6F1040CE7
:10CC300006D20EEB860CBDE870404CF0010C60474C
:10CC4000DFE80CF0090B02024FF000414FF000004A
:10CC5000A1F5002170BD19461046012851EB0104D1
:10CC600018BFD4F5001484BF002001F0004170BD4E
:10CC70000808A0F500114FEA3101704753EA010C92
:10CC800017D41CF5801F58BFBCF5801F00F106802B
:10CC90008B4218BF704708BF8242704707D713F511
:10CCA000801F58BF11F5801F19D48B4270479B42DB
:10CCB00070471CF5801F08D5BCF5801FF7D5994239
:10CCC00018BF704708BF904270474FF4001C1CEB20
:10CCD000430F38BF1CEB410F01D2994270470FB48C
:10CCE0000CBC03BCFFF7C1BE5FEA410C5FEA5C5CB1
:10CCF000ACF580635B1C39D4D3F1340240F345803A
:10CD0000B2F1200314DA4FF0010C0CFA02FCACF182
:10CD100001030340B3EB5C0220EA030008BF10EA02
:10CD20000C0F98BF704710EB0C0041F100017047E9
:10CD30000AD0C3F1200201FA02FC012821FA03F112
:10CD400001FA03F14CF100004FF0010C0CFA03FC66
:10CD5000ACF10103B0F1004F21EA030108BF11EA71
:10CD60000C0F4FF0000088BF61447047B3F1FF3FE4
:10CD700028BF50EAC12C01F000414FF0000084BFF1
:10CD800041F07C5141F470017047B3F5806FB8BF3A
:10CD9000704770B5FFF71EFF40DBB6BE91EA030F88
:10CDA00010B581F000413FF547AB83F0004300F040
:10CDB000D5B800002DE9F04101F5801CBCF5001F3D
:10CDC000C0F2A9804FEA115C21EA0C510CF1FD0C74
:10CDD00041F480115FEA5C0C0CF5C07C01D340008B
:10CDE000494130A4890241EA905187028E0E0A0C13
:10CDF000A45D04FB04F602FB06F6C6F14046A4FB64
:10CE00000662F60D46EA422606FB06F4A4FB012361
:10CE10005242C3F1404338BF5B1EA6FB02420024CE
:10CE2000E6FB0324D20B42EA4446A6FB0623A1FB01
:10CE300002E2A3FB07E4E3FB61426442C2F1404E1D
:10CE400038BFAEF1010EA6FB04234FF00002E6FB53
:10CE50000E32A2FB03463400E2FB6264A1FB06E64D
:10CE6000A4FB07E8E4FB61687642C8F1405838BF8C
:10CE7000A8F10108A2FB06E4A3FB08E5E2FB685465
:10CE8000A1FB05E6A7FB04E8E1FB648618F1200599
:10CE900056F10006A809A8F11B08B10908F03F08DF
:10CEA000B8F10A0F40EA86601CD901EB0C51BDE8CD
:10CEB000F08100BFFCF5EEE8E2DDD8D3CFCBC7C3ED
:10CEC000C0BDB9B6B4B1AEACA9A7A5A3A19F9D9BA7
:10CED0009A9896959392908F8D8C8B89888786856A
:10CEE00084838281A0FB006800FB01F208EB42080A
:10CEF000B8EB872807D5341858EB0104D5D5401C6A
:10CF000051F10001D1E7341A78EB0104CDD4401E71
:10CF100071F10001C9E75FEA4C0C5FEA9C5C0DD13E
:10CF200005D34FF0000001F00041BDE8F081BDE8FD
:10CF3000F04170B5FFF74EFE6DDBFFBEBDE8F0417E
:10CF40004FF00000004970470000F87F10B591EAEB
:10CF5000030F48BF83F000433FF56EAA841A71EBBC
:10CF6000030C07D212198CF0004C43EB0C03001B8E
:10CF700061EB0C01DFF8A4E14FEA1154A4EB135C60
:10CF80001EEA430F18BF9EEA445F00F0B08023EA18
:10CF90006E03524221EA0451C3EB6E0338BF5B1E9D
:10CFA000DCF1200E25D322FA0CFE10EB0E0043FA22
:10CFB0000CFE41EB0E01CCF1200E03FA0EFE10EB3D
:10CFC0000E0051F10001CCF1200E29D412FA0EF21C
:10CFD00001EB0451BDE8104058BF7047401C1CBF16
:10CFE000B2F1004F704700280CBF491C20F001002F
:10CFF000704712EB020E43EB030218BF4FF0010E15
:10D000004EEA4202ACF1200CDCF11E0E54D943FA78
:10D010000CFE10EB0E0051F1FF31CCF11E0ED5D5F8
:10D020000EF1010E12FA0EFE404141EB010101EB3F
:10D03000445C5FEA5C5C10D910EBDE7001EB0451DC
:10D0400038BFBEF1004FBDE8104018BF7047002840
:10D050000CBF491C20F00100704730D24FEAD42C9D
:10D0600011F5001124F400641BD0B1FA81F20B3ADF
:10D07000A41AA41ED2F12003914030FA03F31943FD
:10D08000904001EBCC71002C01EB0451BDE8104045
:10D09000A8BF704701F1C0414FF0000001F000410E
:10D0A0007047B0FA80F310FA03F100D110BDE41A12
:10D0B000173C4805C90AE4E701EB045110BD4910CB
:10D0C00001EB0451BDE810404FEA300002E04FF0A0
:10D0D000000170474A0008BF0042F8D0B2F5001FB7
:10D0E00028BF704701F000414FF0000070479EEAF2
:10D0F000445F07D011EA5E0FBDE8104004BF002175
:10D1000000207047BDE8104070B5FFF763FD00BF19
:10D1100040DFF63E83F00041104670470000E0FF1C
:10D1200043004FEAD30C4FEA3C0C43401FBF40077B
:10D130000CF1605113F0FE4F70471CF0006F03D1EB
:10D1400000200CF0004170470CF0004343EA50709F
:10D1500010B540EACC0000F00EF800BF00000092CD
:10D160004FEA0001FFF784BD4FF000414FF000008F
:10D17000A1F5002170470EF1020E2EF0030E5EF8AD
:10D18000044B244204D44FEA4102B2F17F4F11D83C
:10D190004FEA4003B3F17F4F0CD80ED14FEAD07C59
:10D1A000B2F17F4F0CEB4C0C0CF1020C08BF4CEBB6
:10D1B000D17C04E04FF0080C01E04FEAD17C0CEB8D
:10D1C0004C0324FA03F404F00704B4F1040C06D26F
:10D1D0000EEB840CBDE810404CF0010C6047DFE81A
:10D1E0000CF0070802024FF00040A0F5800010BDCF
:10D1F0000846420018BFD2F1807288BF00F000409C
:10D2000010BD4FF04070E1EE100A7047FF2141EA77
:10D21000D050C00570474FF0000070474FEAC1235F
:10D220000A1543EA50534FEAC02C18BF43F000439D
:10D230001BD4A2F24E02D2F57C72C0F22080502A9A
:10D24000A8BF502223FA02F12CFA02F060B4D2F106
:10D25000200284BF03FA02F52843C2F100029CBFFA
:10D2600023FA02F5284360BC704701F1804212F5B1
:10D27000801F04DA4FF000004FF00001704770B5D6
:10D28000FFF7A8FC49922480002001E06FEAE170DA
:10D2900001467047F3F7E0BFF4F724BD0CF00F032D
:10D2A000092B08BF082000F05F800A2B0BD0082B49
:10D2B00018BF704708BF1CF0400F0AD04FF00000A5
:10D2C0004FF0000170471CF0400F18BF4FF00040B6
:10D2D00070471CF0100F08D020F0704300F07F4220
:10D2E00042EAD3014FEA4370704700F0604021F0FA
:10D2F0007F4242EA000201F07F4040EA72707047CC
:10D300004FF0FF0C4CF4E06C1CEA11531CBF9CEA7C
:10D31000030C9445C2BFDA4201EB02517047002B67
:10D320000DD0BCF1000F0FD0002A01F00041A4BFC6
:10D3300041F0E04141F07F614FF00000704701F0A3
:10D3400000414FF00000704750EA01334FF09B0C52
:10D3500018BF4CF0806C7FF40FA97047F4F7B4BA93
:10D36000F5F710B9F5F79EBA1CF4801F11D01CF424
:10D37000E02F03D06FEACC31490070474FF04050A6
:10D38000EFF3008222F0704242EA000282F300884A
:10D3900070474FF0000070474CE800082951000822
:10D3A0000000000000000000000800000000000075
:10D3B000000000003CE800089D510008000000004B
:10D3C0000000000000080000000000000000000055
:10D3D0005CE8000811510008000000000000000097
:10D3E00000080000000000000000000070E80008D5
:10D3F0007550000800000000000000000010000050
:10D400000000000000000000982F8A42914437710C
:10D41000CFFBC0B5A5DBB5E95BC25639F111F159B7
:10D42000A4823F92D55E1CAB98AA07D8015B8312F9
:10D43000BE853124C37D0C55745DBE72FEB1DE80A5
:10D44000A706DC9B74F19BC1C1699BE48647BEEFD4
:10D45000C69DC10FCCA10C246F2CE92DAA84744A5F
:10D46000DCA9B05CDA88F97652513E986DC631A8D5
:10D47000C82703B0C77F59BFF30BE0C64791A7D5B4
:10D480005163CA0667292914850AB72738211B2E3C
:10D49000FC6D2C4D130D385354730A65BB0A6A7624
:10D4A0002EC9C281852C7292A1E8BFA24B661AA830
:10D4B000708B4BC2A3516CC719E892D1240699D640
:10D4C00085350EF470A06A1016C1A419086C371EB9
:10D4D0004C774827B5BCB034B30C1C394AAAD84E97
:10D4E0004FCA9C5BF36F2E68EE828F746F63A578D2
:10D4F0001478C8840802C78CFAFFBE90EB6C50A465
:10D50000F7A3F9BEF27871C600000000FB4C86005C
:10D510000DD58A00F6990C00E1E693001AAA1500D1
:10D52000EC331900177F9F003981A100C2CD27007D
:10D5300034542B00CF18AD00D8673200232BB40031
:10D54000D5B2B8002EFE3E00894EC50072024300DF
:10D55000849B4F007FD7C90068A8560093E4D00091
:10D56000657DDC009E315A00B0CF64004B83E20041
:10D57000BD1AEE00465668005129F700AA657100F1
:10D580005CFC7D00A7B0FB00E9D10C00129D8A0075
:10D59000E40486001F48000008379F00F37B190051
:10D5A00005E21500FEAE9300D050AD002B1C2B0001
:10D5B000DD85270026C9A10031B63E00CAFAB800B1
:10D5C0003C63B400C72F3200609FC9009BD34F005B
:10D5D0006D4A43009606C50081795A007A35DC0011
:10D5E0008CACD00077E05600591E6800A252EE00C5
:10D5F00054CBE200AF876400B8F8FB0043B47D0071
:10D60000B52D71004E61F700D2A3190029EF9F00DC
:10D61000DF769300243A150033458A00C8090C00D0
:10D620003E900000C5DC8600EB22B800106E3E0084
:10D63000E6F732001DBBB4000AC42B00F188AD0030
:10D640000711A100FC5D27005BEDDC00A0A15A00E2
:10D6500056385600AD74D000BA0B4F004147C90090
:10D66000B7DEC5004C924300626C7D009920FB0040
:10D670006FB9F70094F57100838AEE0078C66800F0
:10D680008E5F64007513E2003B721500C03E93008C
:10D6900036A79F00CDEB1900DA94860021D8000050
:10D6A000D7410C002C0D8A0002F3B400F9BF320000
:10D6B0000F263E00F46AB800E31527001859A100B0
:10D6C000EEC0AD00158C2B00B23CD0004970560066
:10D6D000BFE95A0044A5DC0053DA4300A896C50010
:10D6E0005E0FC900A5434F008BBD710070F1F700BC
:10D6F0008668FB007D247D006A5BE2009117640070
:10D70000678E68009CC2EE00A44733005F0BB50033
:10D71000A992B90052DE3F0045A1A000BEED26004F
:10D7200048742A00B338AC009DC69200668A140083
:10D73000901318006B5F9E007C200100876C8700AF
:10D7400071F58B008AB90D002D09F600D6457000E1
:10D7500020DC7C00DB90FA00CCEF650037A3E3000F
:10D76000C13AEF003A76690014885700EFC4D1003F
:10D77000195DDD00E2115B00F56EC4000E2242006F
:10D78000F8BB4E0003F7C8004D963F00B6DAB9006B
:10D790004043B500BB0F3300AC70AC00573C2A00CF
:10D7A000A1A526005AE9A00074179E008F5B1800FF
:10D7B00079C21400828E920095F10D006EBD8B002F
:10D7C0009824870063680100C4D8FA003F947C0065
:10D7D000C90D70003241F600253E6900DE72EF008F
:10D7E00028EBE300D3A76500FD595B000615DD00BB
:10D7F000F08CD1000BC057001CBFC800E7F34E00EF
:10D80000116A4200EA26C40076E42A008DA8AC0022
:10D810007B31A000807D26009702B9006C4E3F004E
:10D820009AD73300619BB5004F658B00B4290D007A
:10D8300042B00100B9FC8700AE83180055CF9E00AE
:10D84000A3569200581A1400FFAAEF0004E66900DC
:10D85000F27F65000933E3001E4C7C00E500FA000E
:10D860001399F600E8D57000C62B4E003D67C8003E
:10D87000CBFEC40030B2420027CDDD00DC815B006E
:10D880002A185700D154D1009F3526006479A00092
:10D8900092E0AC0069AC2A007ED3B500859F3300CE
:10D8A00073063F00884AB900A6B487005DF80100FE
:10D8B000AB610D00502D8B0047521400BC1E92002E
:10D8C0004A879E00B1CB1800167BE300ED37650058
:10D8D0001BAE6900E0E2EF00F79D70000CD1F6008E
:10D8E000FA48FA0001047C002FFA4200D4B6C400C2
:10D8F000222FC800D9634E00CE1CD10035505700EE
:10D90000C3C95B003885DD00982F8A429144377186
:10D91000CFFBC0B5A5DBB5E95BC25639F111F159B2
:10D92000A4823F92D55E1CAB98AA07D8015B8312F4
:10D93000BE853124C37D0C55745DBE72FEB1DE80A0
:10D94000A706DC9B74F19BC1C1699BE48647BEEFCF
:10D95000C69DC10FCCA10C246F2CE92DAA84744A5A
:10D96000DCA9B05CDA88F97652513E986DC631A8D0
:10D97000C82703B0C77F59BFF30BE0C64791A7D5AF
:10D980005163CA0667292914850AB72738211B2E37
:10D99000FC6D2C4D130D385354730A65BB0A6A761F
:10D9A0002EC9C281852C7292A1E8BFA24B661AA82B
:10D9B000708B4BC2A3516CC719E892D1240699D63B
:10D9C00085350EF470A06A1016C1A419086C371EB4
:10D9D0004C774827B5BCB034B30C1C394AAAD84E92
:10D9E0004FCA9C5BF36F2E68EE828F746F63A578CD
:10D9F0001478C8840802C78CFAFFBE90EB6C50A460
:10DA0000F7A3F9BEF27871C61F1C1F1E1F1E1F1F31
:10DA10001E1F1E1F00000000320909000000000048
:10DA2000010000007C1F2B0000000000020000002D
:10DA3000890C0C000000000004000000ED0E0E0335
:10DA40000C0D000005000000D91C1C0100000000A6
:10DA5000060000006803030000000000070000004B
:10DA6000772020000000000008000000752424003A
:10DA7000000000000B000000590606010400000031
:10DA800014000000D6141403020300001500000067
:10DA90009F0202030001000016000000DC191900BB
:10DAA0000000000017000000A8171703040500007D
:10DAB00018000000181E34000000000019000000CB
:10DAC00017656500000000001A000000AA16180083
:10DAD000000000001B000000901A1D000000000064
:10DAE0001C00000043101000000000001D0000009A
:10DAF000730E1000000000001E000000271C1C0018
:10DB0000000000001F000000F620300000000000B0
:10DB100020000000B91C1C000000000021000000D3
:10DB2000681C1C000000000022000000ED1616001A
:10DB30000000000023000000F416160000000000A2
:10DB400024000000DE152500000000002500000074
:10DB5000D406070304050000260000000906070399
:10DB60000405000027000000FE25260320210000F8
:10DB700028000000E604050302030000290000005D
:10DB80001C040403020300002A0000001C0212000F
:10DB9000000000002B0000008402030300010000CD
:10DBA0002C000000DD040903020300002D0000002A
:10DBB000E8020303000100002E0000000B02020037
:10DBC000000000002F00000099030803000100007E
:10DBD00030000000290D15010C000000310000008C
:10DBE000270C140000000000320000004E25250321
:10DBF0001213000033000000C404050302030000F8
:10DC0000360000000F1B1B0318190000370000002E
:10DC100003191900000000003D000000A74848005B
:10DC2000000000003E000000B71A1A0000000000CB
:10DC30003F00000077B5B500000000004000000084
:10DC4000BFE1E1000000000041000000762A2A0048
:10DC500000000000420000009406060302030000DA
:10DC6000430000001504040000000000450000000F
:10DC7000F30B1E010A000000460000007C12260380
:10DC80001011000049000000262526032021000075
:10DC90004A00000014141400000000004B000000B3
:10DCA0009E2323031E1F00004C0000009821210327
:10DCB0001E1F00004D0000008F030A03080900002A
:10DCC000500000000E040403020300005100000095
:10DCD0006A161600000000005200000031273303CE
:10DCE0002425000053000000162525000000000038
:10DCF000540000008F35350332330000550000001A
:10DD00008C33330000000000560000000535350359
:10DD1000323300005700000096333300000000004B
:10DD200059000000E71C1C00000000005A00000021
:10DD3000B7383800000000005B0000003F2A2A00CE
:10DD4000000000005C0000003621210000000000FF
:10DD50005D0000002F515100000000006400000031
:10DD6000AF1A220000000000650000006620750068
:10DD700000000000660000009E207500000000000A
:10DD800067000000D01439000000000068000000A7
:10DD90003820740000000000690000005D3E3F0074
:10DDA000000000006A0000008A2C2C000000000027
:10DDB0006B0000006C404100000000006C0000009F
:10DDC00020545C00000000006D000000B90909004B
:10DDD000000000006E00000054FEFE03010200007F
:10DDE0006F000000221012031011000070000000EC
:10DDF000AE0C0C0000000000710000007C24270025
:10DE00000000000072000000ED2C2C00000000005B
:10DE10007300000004404000000000007400000097
:10DE20004C16180000000000750000008006060374
:10DE30000405000076000000380E0E00000000000F
:10DE400077000000740C0C030A0B0000780000003F
:10DE5000866161000000000079000000ED0202030D
:10DE6000000100007A000000CB0202030001000064
:10DE70007B000000FA717103000100007C000000CB
:10DE800057233900000000007D000000CB0606008B
:10DE9000000000007E000000DC4F51034F500000E6
:10DEA0007F00000019232300000000008000000014
:10DEB000E223230000000000810000002E1618005D
:10DEC00000000000820000001D0D0D000000000099
:10DED00083000000DFFFFF0000000000840000005E
:10DEE000550E2700000000008500000006121200F9
:10DEF0000000000086000000E52B2B000000000061
:10DF000087000000CB080800000000008800000027
:10DF1000011616000000000089000000C30E10006A
:10DF2000000000008A0000006D247800000000005E
:10DF30008B000000A82B2B03292A00008C00000076
:10DF4000B5292900000000008D0000002F202000CE
:10DF5000000000008E00000048F3F3000000000005
:10DF60008F000000830E10000000000090000000F1
:10DF70007F5D5D00000000009200000067646400A7
:10DF800000000000930000009A243600000000000A
:10DF900094000000B23C4E0000000000950000001C
:10DFA000C81E3C0000000000A2000000BD080900DF
:10DFB00000000000C0000000242C3600000000001B
:10DFC000E1000000D041490000000000E600000030
:10DFD000A32A2A0000000000E700000069282800AA
:10DFE00000000000E8000000973F41000000000032
:10DFF000E900000023B6B60000000000EA000000BF
:10E000009628280000000000EB000000B32A2A0038
:10E0100000000000F10000005A2020000000000075
:10E02000F200000068343C0000000000F300000033
:10E0300055353D0134000000F40000005F06060085
:10E0400000000000F5000000820202000000000055
:10E05000F6000000B826260000000000F7000000CF
:10E060005113130000000000F800000008FEFE033A
:10E0700003040000F9000000CC242400000000008C
:10E08000FA000000311E1E0000000000FB0000002E
:10E09000AA12120000000000FC0000002C12120066
:10E0A00000000000FD0000005333360000000000B7
:10E0B000FE0000002E090900000000000001000021
:10E0C000472A2A030809000001010000830909000A
:10E0D0000000000002010000BB20E8030001000076
:10E0E000030100005CEBED000000000004010000F3
:10E0F00092050E000000000005010000B31B3D006A
:10E1000000000000060100000C12170000000000D3
:10E110000701000085FFFF0000000000080100006B
:10E12000311C200000000000090100001A1014003A
:10E13000000000000A010000C1FFFF03020300000D
:10E140000B01000023FFFF03020300000C0100008D
:10E150000E040403020300000D0100006DD5D7007A
:10E16000000000000E0100003B131400000000003E
:10E170000F010000163435000000000013010000FC
:10E180007E1F200000000000140100001231320048
:10E1900000000000150100003E1E1E0000000000EF
:10E1A00018010000462121000000000019010000B4
:10E1B000300D0D00000000001A0100007B23230336
:10E1C000202100001B0100004A9091000000000087
:10E1D0001C010000632020031E1F00001D01000021
:10E1E00089283103262700001E010000D23539039B
:10E1F000323300001F01000001171703141500003F
:10E20000200100001417170314150000220100005C
:10E21000FB2E2E0000000000230100000A39390007
:10E22000000000002B0100001360620000000000ED
:10E230002C010000D9161600000000002D0100007E
:10E24000F33A3A0000000000360100001C111100F2
:10E2500000000000370100005F747400000000003F
:10E2600040010000F3141403020300004101000008
:10E27000580202030001000042010000F3959500DE
:10E2800000000000430100004E93930300010000D2
:10E290004401000084929200000000004A01000046
:10E2A000179EA700000000004B0100005BE6E9009C
:10E2B000000000004C010000ECEFEF000000000047
:10E2C0004D010000E76D6D00000000004E010000F0
:10E2D000480A0A00000000004F010000E118180081
:10E2E0000000000050010000F55454000000000040
:10E2F00053010000C70505000000000054010000A4
:10E30000634646000000000059010000D1151503C6
:10E31000020300005E010000E814FC0000000000A1
:10E32000680100000B1919000000000072010000D4
:10E330004B576D0000000000730100000A1A1A001C
:10E3400000000000740100001A8C8C000000000026
:10E3500075010000752A2A00000000007701000006
:10E36000FB8C8C00000000007C010000E81414000D
:10E370000000000081010000938585030203000076
:10E3800082010000841010030405000083010000D6
:10E390000448480304050000840100000825250303
:10E3A00020210000860100009CEEF000000000002B
:10E3B0008B01000000D4D400000000008C0100009C
:10E3C00032A0A000000000008D010000B66C6C00BF
:10E3D00000000000900100006EFEFE030405000036
:10E3E00091010000B7060603040500009A01000031
:10E3F000A0353500000000009B0100006A03030007
:10E40000000000009C010000210606030405000036
:10E410009D0100004D07070304050000B301000043
:10E42000862E2E0000000000B4010000C109090082
:10E4300000000000B50100001E0101000000000006
:10E44000B801000042232300000000002823000040
:10E4500071898900000000002D2300007522220030
:10E460000000000064320000722C2C030001000048
:10E4700065320000FE3B3B031E1F000066320000B9
:10E480008C3535030405000067320000F92E2E0399
:10E4900000010000683200004D3636031C1D0000EC
:10E4A00069320000312B2B030001000073320000A1
:10E4B0005EF9F90300010000763200008B3333006F
:10E4C0000000000077320000071212031011000054
:10E4D0007832000014050500000000000000000074
:10E4E0000000000001020304060708090000000004
:10E4F0000102030430313233343536373839414282
:10E500004344454640305800303132333435363795
:10E510003839616263646566403078000400000841
:10E5200000000000000000020001000010000000D8
:10E53000000000000000F03F000000000000F83F75
:10E5400000000000000000000000004003B8E23FAF
:10E55000000000000000000006D0CF43EBFD4C3E61
:10E56000033333333333E33FFFAB6FDBB66DDB3F56
:10E570004D268F515555D53F01411DA96074D13F9E
:10E5800065DBC9934A86CD3FEF4E454A287ECA3F98
:10E590003E5555555555C53F93BDBE166CC166BF1A
:10E5A0002CDE25AF6A56113FF16BD2C541BDBBBE13
:10E5B000D0A4BE726937663E000000000000000073
:10E5C0004FBB610567ACDD3F182D4454FB21E93F8B
:10E5D0009BF681D20B73EF3F182D4454FB21F93F7A
:10E5E000E2652F227F2B7A3C075C143326A6813C00
:10E5F000BDCBF07A8807703C075C143326A6913CAB
:10E60000C4EB98999999C9BF711623FEC671BCBF16
:10E610006D9A74AFF2B0B3BF9AFDDE522DDEADBF7E
:10E620002F6C6A2C44B4A2BF0D5555555555D53F96
:10E63000FF8300922449C23F6E204CC5CD45B73FB1
:10E64000513DD0A0660DB13FEB0D76244B7BA93F29
:10E6500011DA22E33AAD903F4C5555555555A53F3B
:10E660007751C1166CC156BF9015CB19A001FA3E67
:10E67000AD529C804F7E92BEC4B1B4BD9EEE213E91
:10E68000D43888BEE9FAA8BD0000000000000000F0
:10E6900000004054FB21F93F3163621A61B4D03D60
:10E6A0000000601A61B4D03D7370032E8A19A33B39
:10E6B0000000002E8A19A33BC14920259A837B398B
:10E6C00000000000000000006E83F9A22915444EEE
:10E6D000D15727FCC0DD34F5999562DB4190433C6E
:10E6E000AB6351FE61C5BBDE3A6E24B7E0D24D424A
:10E6F000EA2E49061C92D1091CEB1DFE3EA729B14A
:10E70000F53582E88444BB2E26709CE9417E5FB4D7
:10E7100039D69139F43953838B5F849C3B28F9BDFA
:10E72000FF97F81F0F9805DE8B112FEF1F6D0A5A08
:10E73000CF7E366DB709CB27663F464F2DEA5F9EE9
:10E74000C7BA27757BF1E5EBF739073DEA92528AA4
:10E75000B15FFB6B085D8D1FA6F810111111813F91
:10E76000D561C119A0012ABF7DFEB157E31DC73E87
:10E77000EB9C2B8AE6E55ABE7CD5CF5A3AD9E53DCB
:10E780003031323334353637383961626364656627
:10E7900078700030313233343536373839414243BE
:10E7A000444546585000000002400000000000A010
:10E7B0000000000005400000000000C8000000004C
:10E7C0000C4000000000409C0000000019400000C8
:10E7D0000020BCBE0000000034400000BFC91B8EFA
:10E7E00000000004B5400000504BCFD06607E2CFD8
:10E7F000010000006C4100003E8251AADFEEA73408
:10E8000001000000D9420000DCB5A0E23A301F97B9
:10E81000FFFFFFFFB4450000FD25A0C8E9A3C14FDD
:10E82000FFFFFFFFFF3F000000000080000000002E
:10E83000FF3F000000000080000000005472616390
:10E840006B53656E645461736B00000054726163B6
:10E850006B5265636F64655461736B004D61766CD8
:10E86000696E6B50617273655461736B00000000D8
:10E870004A736F6E50617273655461736B00000070
:10E88000DCE900080000002028010000C4010008A5
:10E8900004EB000828010020187A0100E0010008BC
:10E8A000000000000000F07FFFFFFFFFFFFFEF7F91
:10E8B0001001000043000000F8FFFFFF004040404F
:10E8C0004040404040404141414141404040404043
:10E8D00040404040404040404040404040050202EF
:10E8E00002020202020202020202020202202020AE
:10E8F000202020202020200202020202020290900A
:10E900009090909010101010101010101010101007
:10E91000101010101010101002020202020288885B
:10E920008888888808080808080808080808080867
:10E93000080808080808080802020202400000004F
:10E9400000000000000000000000000000000000C7
:10E9500000000000000000000000000000000000B7
:10E9600000000000000000000000000000000000A7
:10E970000000000000000000000000000000000097
:10E980000000000000000000000000000000000087
:10E990000000000000000000000000000000000077
:10E9A0000000000000000000000000000000000067
:10E9B0000000000000000000000000000000000057
:10E9C0001C00000043000000F8FFFFFF0C000000E7
:10E9D0000E0000000F0000002E00000000000000EC
:10E9E0000000000000000000000000000000000027
:10E9F0000000000000000000000000000000000017
:10EA0000DD0300083B040008890400080000000042
:10EA100000000000000000000000000001000000F5
:10EA200000000000000000000000000009030000DA
:10EA300000000000000000000000000030000000A6
:10EA40000000000000003000000000000000000096
:10EA50003000000000000000000000000000000185
:10EA600000000000000000000000000000000000A6
:10EA70000000000000000000000000000000000096
:10EA80000000000000000000000000000100000085
:10EA900010000000000000000024F400000000004E
:10EAA0000000000000000000000000000000000066
:10EAB0000000000000000000000000000000000056
:10EAC0000000000000000000000000000000000046
:10EAD0000000000000000000000000000000000036
:10EAE0000000000000000000000000000000000026
:10EAF000000000000000000000000000AAAAAAAA6E
:04EB00000000000011
:040000050800018965
:00000001FF
